gid,favela,2017,2020,2024,osm,temporal,completed
1,FUMAÇA,False,False,False,False,False,0
2,MANUEL ANTÔNIO PORTELLA,False,False,False,False,False,0
3,SANTA AMÉLIA,False,False,False,False,False,0
4,GIOVANNI CARNOVALI,False,False,False,False,False,0
5,FAVELA DAS TORRES,False,False,False,False,False,0
6,VILA DO SAPO,False,False,False,False,False,0
7,PARAISÓPOLIS QUADRA 46,False,False,False,False,False,0
8,VILA DA PAZ VÁRZEA,False,False,False,False,False,0
9,OCUPAÇÃO DOMINIO JACU PESSEGO,False,False,False,False,False,0
10,BAIXOS VIADUTO PACHECO CHAVES - REOCUPAÇÃO,False,False,False,False,False,0
22,JOSÉ ARAGAO,False,False,False,False,False,0
11,FAVELA FAMILIA UNIDA,False,False,False,False,False,0
12,FUNDÃO,False,False,False,False,False,0
13,VICENTE JORGE,False,False,False,False,False,0
14,ASCENSO GONSALVES GIL,False,False,False,False,False,0
15,PARATINIM,False,False,False,False,False,0
16,SUSPIRO,False,False,False,False,False,0
17,PARANAPANEMA V,False,False,False,False,False,0
18,NILDO DO AMARAL JÚNIOR,False,False,False,False,False,0
19,MORRO DOS MACACOS/MATA VIRGEM,False,False,False,False,False,0
20,JOÃO GOMES CARNEIRO II,False,False,False,False,False,0
21,SANTA JOSEFINA,False,False,False,False,False,0
23,JD. WILSON I,False,False,False,False,False,0
24,MADEIRITE,False,False,False,False,False,0
25,NOVA JAGUARÉ II,False,False,False,False,False,0
26,CONDESSA DE SÃO JOAQUIM,False,False,False,False,False,0
27,KAREL BURIAN,False,False,False,False,False,0
28,HUMAITÁ II,False,False,False,False,False,0
29,PEDRO TAQUES PIRES,False,False,False,False,False,0
30,SANTO ANTONIO DO PINHAL,False,False,False,False,False,0
31,MANGUE II,False,False,False,False,False,0
32,BARACELA,False,False,False,False,False,0
33,JOSE LEITE,False,False,False,False,False,0
34,ERUNDINA,False,False,False,False,False,0
54,BEIRA DA LINHA 2,False,False,False,False,False,0
55,DRACENA,False,False,False,False,False,0
56,FREDERICO RENE DE JAEGHER,False,False,False,False,False,0
35,PARANAPANEMA IV,False,False,False,False,False,0
36,PARQUE EUROPA I - VIELA HAMILTON,False,False,False,False,False,0
37,KERALUX,False,False,False,False,False,0
57,MORUMBIZINHO 2,False,False,False,False,False,0
58,JARDIM NOVO HORIZONTE VÁRZEA,False,False,False,False,False,0
38,CABORÉ ITAQUERA,False,False,False,False,False,0
39,SÃO FRANCISCO GLOBAL,False,False,False,False,False,0
40,PARQUE NOVO GRAJAÚ / JOÃO CABANAS,False,False,False,False,False,0
41,FUMAÇA/NEBLINA,False,False,False,False,False,0
42,GASTAO LOPES LEAL,False,False,False,False,False,0
43,GERONIMO ESPEJO,False,False,False,False,False,0
44,PARQUE DO GATO - FAVELA,False,False,False,False,False,0
59,TERRA PROMETIDA,False,False,False,False,False,0
60,JARDIM SÃO LUIS III,False,False,False,False,False,0
226,JARDIM IRACEMA II,False,False,False,False,False,0
45,BARÃO DE ANTONINA - LOTE 11 SETOR 1,False,False,False,False,False,0
46,TORRESMO,False,False,False,False,False,0
47,JOAQUIM MEIRA DE SIQUEIRA - LENDA DO LUAR,False,False,False,False,False,0
48,JARDIM PANORAMA,False,False,False,False,False,0
49,RUA DA MINA,False,False,False,False,False,0
50,LAR NOVO LAR,False,False,False,False,False,0
51,1PS1B - R. VISCONDE DE CAMAMU,False,False,False,False,False,0
52,SÃO MARTINHO VÁRZEA,False,False,False,False,False,0
53,MANUEL DE ANDRADE,False,False,False,False,False,0
61,PARAISÓPOLIS QUADRA 44,False,False,False,False,False,0
62,CRISCIUMA I,False,False,False,False,False,0
63,AFOXE,False,False,False,False,False,0
64,MARGINAL III,False,False,False,False,False,0
65,CHACÁRA DO ENCONTRO,False,False,False,False,False,0
66,DENDEZEIRO,False,False,False,False,False,0
67,JOSE DIAS,False,False,False,False,False,0
68,ESTADO 20,False,False,False,False,False,0
69,TEIXEIRA,False,False,False,False,False,0
70,INHUMAS,False,False,False,False,False,0
71,MAURÍCIO ADLER,False,False,False,False,False,0
72,PARQUE SÃO DOMINGOS,False,False,False,False,False,0
73,ANDRE DA CUNHA FONSECA,False,False,False,False,False,0
74,SANTA ANGELA,False,False,False,False,False,0
75,AFONSO RODRIGUES ADORNO,False,False,False,False,False,0
76,ANTENOR NAVARRO,False,False,False,False,False,0
77,TUNEY ARANTES,False,False,False,False,False,0
78,JARDIM FARIA LIMA,False,False,False,False,False,0
79,ILHA VERDE,False,False,False,False,False,0
80,SUBESTAÇÃO PIRATININGA II,False,False,False,False,False,0
95,FERRO VELHO,False,False,False,False,False,0
81,VIELA ESPERANÇA,False,False,False,False,False,0
82,CACHOEIRA ACARÁ - JARDIM COMERCIAL,False,False,False,False,False,0
83,ABEL MARCIANO II,False,False,False,False,False,0
84,JOSÉ GOES,False,False,False,False,False,0
85,VIOLÃO III,False,False,False,False,False,0
86,JARDIM OLINDA,False,False,False,False,False,0
87,JARDIM GANHAMBU II,False,False,False,False,False,0
88,CEU CIDADE DUTRA,False,False,False,False,False,0
89,ROBERTO PIRES MACIEL,False,False,False,False,False,0
90,ADALBERTO,False,False,False,False,False,0
91,ESTRADA DAS TRES CRUZES,False,False,False,False,False,0
92,BAVARIA,False,False,False,False,False,0
93,CORONEL LUIS ALVES,False,False,False,False,False,0
94,JARDIM WALQUÍRIA II,False,False,False,False,False,0
96,DEBIEUX,False,False,False,False,False,0
97,VILA CISPER ANÍSIO DE ABREU,False,False,False,False,False,0
98,SANTO ANTONIO II,False,False,False,False,False,0
99,PRIMO BERTI,False,False,False,False,False,0
100,LEANDRO TEIXEIRA,False,False,False,False,False,0
101,CENTRAL,False,False,False,False,False,0
102,ARAPIRACA,False,False,False,False,False,0
103,TELECENTRO,False,False,False,False,False,0
104,WALTER FERREIRA,False,False,False,False,False,0
105,VISCONDE RIO GRANDE II,False,False,False,False,False,0
106,JARDIM BANDEIRANTE,False,False,False,False,False,0
107,FAVELA RENDZIMA,False,False,False,False,False,0
108,LENO,False,False,False,False,False,0
109,BARREIRA GRANDE,False,False,False,False,False,0
110,SANTA OLIVIA,False,False,False,False,False,0
111,TRAVESSA PARTICULAR,False,False,False,False,False,0
112,CHACARA NOSSA SENHORA APARECIDA,False,False,False,False,False,0
113,TIRADENTES,False,False,False,False,False,0
114,TACIA,False,False,False,False,False,0
202,RUA DOS CREPIS,False,False,False,False,False,0
115,JARDIM NOVA AMERICA II,False,False,False,False,False,0
116,JARDIM ELIZABETH,False,False,False,False,False,0
117,CAMPOS MELLO III,False,False,False,False,False,0
118,JARDIM D ABRIL II,False,False,False,False,False,0
119,EDGAR VARESE,False,False,False,False,False,0
120,"CHÁCARA SANTANA I, II E III",False,False,False,False,False,0
121,NAVOLATO,False,False,False,False,False,0
122,JARDIM CAMPINAS II,False,False,False,False,False,0
123,HENRIQUE SAM MINDLIN,False,False,False,False,False,0
124,JOÃO PAULO I,False,False,False,False,False,0
125,IPIRÁ,False,False,False,False,False,0
126,SAMUEL KHURI,False,False,False,False,False,0
127,SUCUPIRA,False,False,False,False,False,0
128,JARDIM ANGELA II,False,False,False,False,False,0
129,FRANCISCO ALVES BEZERRA,False,False,False,False,False,0
130,VIELA WALTER,False,False,False,False,False,0
131,FAZENDA DA JUTA,False,False,False,False,False,0
132,NOVE DE JULHO,False,False,False,False,False,0
133,JARDIM ESTER,False,False,False,False,False,0
134,ANTÔNIO CÂNDIDO DE ALVARENGA,False,False,False,False,False,0
135,ÁGUAS DE MARÇO,False,False,False,False,False,0
136,CLAUDIO GONZAGA DE SOUZA,False,False,False,False,False,0
137,JOAQUIM DA COSTA MIRANDA,False,False,False,False,False,0
138,ABÍLIO PEREIRA,False,False,False,False,False,0
139,SÃO CARLOS,False,False,False,False,False,0
140,JARDIM SIDNEY,False,False,False,False,False,0
141,JARDIM LIMOEIRO,False,False,False,False,False,0
142,JARDIM JARAGUÁ I,False,False,False,False,False,0
143,ALTO DA RIVIERA VI,False,False,False,False,False,0
144,JARDIM SANTA FE,False,False,False,False,False,0
145,JOSE MARTINS LISBOA,False,False,False,False,False,0
146,FAVELA DO SAPO,False,False,False,False,False,0
147,NELSON CRUZ,False,False,False,False,False,0
148,DOM CARLOS GOUVEIA,False,False,False,False,False,0
149,AREIAS ALVAS,False,False,False,False,False,0
150,SÃO JOSÉ OPERÁRIO,False,False,False,False,False,0
151,CRISCIUMA II,False,False,False,False,False,0
152,JARDIM RAPOSO TAVARES II,False,False,False,False,False,0
153,ALAMOIQUE,False,False,False,False,False,0
154,DANIEL CERRI I,False,False,False,False,False,0
155,JARDIM SÃO LUIS I,False,False,False,False,False,0
156,DARZAN,False,False,False,False,False,0
157,QUADRA DE FUTEBOL,False,False,False,False,False,0
158,TIBIRIÇÁ,False,False,False,False,False,0
159,GABRIEL DE LARA,False,False,False,False,False,0
160,MENINO JESUS DE PRAGA,False,False,False,False,False,0
161,ENLEVO,False,False,False,False,False,0
162,IV CENTENÁRIO,False,False,False,False,False,0
212,SIMBOLO,False,False,False,False,False,0
163,PALMA DE SANTA RITA,False,False,False,False,False,0
164,GREGÓRIO BEZERRA,False,False,False,False,False,0
165,PARQUE NOVO SANTO AMARO VI,False,False,False,False,False,0
166,LUNA,False,False,False,False,False,0
167,JARDIM ORION,False,False,False,False,False,0
168,JARDIM JAQUELINE,False,False,False,False,False,0
169,TRAVESSA JOÃO RANGEL,False,False,False,False,False,0
170,BALTAZAR BARROSO,False,False,False,False,False,0
171,JARDIM ELBA,False,False,False,False,False,0
172,JARDIM SÔNIA INGÁ,False,False,False,False,False,0
173,JARDIM LUSO,False,False,False,False,False,0
174,JARDIM SHANGRILLA,False,False,False,False,False,0
175,JARDIM MAGDALENA,False,False,False,False,False,0
176,ALTA TENSÃO,False,False,False,False,False,0
177,VILA UNIÃO - V.P.,False,False,False,False,False,0
178,VILA LÉO,False,False,False,False,False,0
179,LEVANTA SAIA,False,False,False,False,False,0
180,JARDIM RIVIERA,False,False,False,False,False,0
181,PARQUE EUROPA II,False,False,False,False,False,0
182,JACINTO PALHARES,False,False,False,False,False,0
183,KAGOHARA II,False,False,False,False,False,0
184,CASTRO PRADO,False,False,False,False,False,0
185,JAPARANDUBA II,False,False,False,False,False,0
186,SEVILHA,False,False,False,False,False,0
187,CÓRREGO DA PACIÊNCIA,False,False,False,False,False,0
188,ANDORINHA DOS BEIRAIS,False,False,False,False,False,0
189,UBAI,False,False,False,False,False,0
190,FRANCISCO ALVARES,False,False,False,False,False,0
191,OCUPAÇÃO VIADUTO DIÁRIO POPULAR,False,False,False,False,False,0
192,PERNAMBUCO,False,False,False,False,False,0
193,TAJAPURÚ,False,False,False,False,False,0
194,ALBA,False,False,False,False,False,0
195,CARLOS VILALVA JUNIOR,False,False,False,False,False,0
196,AMERICANÓPOLIS,False,False,False,False,False,0
197,JARDIM ANA MARIA III,False,False,False,False,False,0
198,SIMIS,False,False,False,False,False,0
199,SANTA MERCEDES,False,False,False,False,False,0
200,GENEVE,False,False,False,False,False,0
201,LIGHT I,False,False,False,False,False,0
203,DARIO RIBEIRO,False,False,False,False,False,0
204,JARDIM CAPELA / SANTA BÁRBARA,False,False,False,False,False,0
205,ATALIBA LEONEL II,False,False,False,False,False,0
206,JOSÉ PAULINO DOS SANTOS,False,False,False,False,False,0
207,CONGONHAS DO NORTE,False,False,False,False,False,0
208,SÃO JOÃO BATISTA,False,False,False,False,False,0
209,VALE DAS VIRTUDES III,False,False,False,False,False,0
210,PARQUE DOROTEIA I E II,False,False,False,False,False,0
211,CANDIDA RAMOS,False,False,False,False,False,0
213,JARDIM NATAL,False,False,False,False,False,0
214,PARAISÓPOLIS,False,False,False,False,False,0
215,JARDIM SANTA LUCIA,False,False,False,False,False,0
216,FRANCISCO GIULIANI,False,False,False,False,False,0
217,VERDUM,False,False,False,False,False,0
218,VILA INDUSTRIAL,False,False,False,False,False,0
219,DOMINGOS TAVARES SANTIAGO,False,False,False,False,False,0
225,JARDIM MIRNA,False,False,False,False,False,0
220,JARDIM MORAIS PRADO I,False,False,False,False,False,0
221,JARDIM MONTE ALEGRE II,False,False,False,False,False,0
222,OCUPAÇÃO MAX PLANCK,False,False,False,False,False,0
223,SANTA TEREZINHA / FEPASA / APIARIS,False,False,False,False,False,0
224,COCAIA I,False,False,False,False,False,0
227,PORTO SEGURO,False,False,False,False,False,0
228,FAVELA CONJUNTO PARQUE NOVO MUNDO - NOVA TIETÊ,False,False,False,False,False,0
229,UNIVERSAL,False,False,False,False,False,0
230,MARGINAL DOIS,False,False,False,False,False,0
231,PISCINÃO ARICANDUVA,False,False,False,False,False,0
232,SARGENTO JOSÉ PESSOTO SOBRINHO,False,False,False,False,False,0
233,ZAKI NARCHI,False,False,False,False,False,0
234,SITIO CONCEIÇÃO II,False,False,False,False,False,0
235,JARDIM COLOMBO,False,False,False,False,False,0
236,JOÃO VELOSO,False,False,False,False,False,0
237,JARDIM COMERCIAL IV,False,False,False,False,False,0
238,AFONSO DOMINGUES,False,False,False,False,False,0
239,RIO CLARO II,False,False,False,False,False,0
240,JARDIM NOVO SANTO AMARO I,False,False,False,False,False,0
241,MANGUARI,False,False,False,False,False,0
242,JOAQUIM BARBOSA DE ALMEIDA FILHO,False,False,False,False,False,0
243,MANUEL ANTÔNIO DE FREITAS,False,False,False,False,False,0
244,PARQUE ALIANÇA,False,False,False,False,False,0
245,MARIANA BELIZARIA DA CONCEIÇÃO,False,False,False,False,False,0
246,JARDIM SÃO BERNARDO,False,False,False,False,False,0
247,PEDRO PAULO LAGRECA NETO,False,False,False,False,False,0
248,MARATIS,False,False,False,False,False,0
249,UIRAPURU I,False,False,False,False,False,0
250,JARDIM SANDRA,False,False,False,False,False,0
251,SANTA TEREZINHA I,False,False,False,False,False,0
252,CHÁ DA ÍNDIA,False,False,False,False,False,0
253,JAPIAÇU,False,False,False,False,False,0
254,IMPÉRIO II,False,False,False,False,False,0
255,VALE DAS VIRTUDES II,False,False,False,False,False,0
256,JARDIM HORIZONTE AZUL / SAPATO BRANCO,False,False,False,False,False,0
257,JARDIM CASAGRANDE II,False,False,False,False,False,0
258,FAZENDA DA JUTA II,False,False,False,False,False,0
259,CABORÉ,False,False,False,False,False,0
260,NOSSA SENHORA APARECIDA,False,False,False,False,False,0
261,JARDIM SÃO VICENTE,False,False,False,False,False,0
262,UNIÃO,False,False,False,False,False,0
274,JARDIM LEÔNIDAS MOREIRA II,False,False,False,False,False,0
275,BURACO DO SAPO I,False,False,False,False,False,0
276,SANTA RITA,False,False,False,False,False,0
277,VILA ESPERANÇA,False,False,False,False,False,0
301,TABATINGUERA,False,False,False,False,False,0
263,FAZENDA DA JUTA III,False,False,False,False,False,0
264,SÔNIA RIBEIRO,False,False,False,False,False,0
265,DO SAPO,False,False,False,False,False,0
266,RAPOSO TAVARES,False,False,False,False,False,0
267,FRUTA PÃO,False,False,False,False,False,0
268,ILHA DAS COBRAS,False,False,False,False,False,0
269,PARQUE SANTO ANTÔNIO V,False,False,False,False,False,0
270,BENTO BICUDO II,False,False,False,False,False,0
271,VILA DAS PRATAS,False,False,False,False,False,0
272,JARDIM TAMOIO,False,False,False,False,False,0
273,DOMENICO FERRABOSCO,False,False,False,False,False,0
412,GRUPO ESCOLAR,False,False,False,False,False,0
278,VALPARAÍSO,False,False,False,False,False,0
279,VANGUARDA,False,False,False,False,False,0
280,VILA PRUDENTE,False,False,False,False,False,0
281,CORONEL HUGO BRADASCHIA,False,False,False,False,False,0
282,SALLUS,False,False,False,False,False,0
283,FAVELA ARAGUARY I (MURIÇOCA),False,False,False,False,False,0
284,CAMARAZAL II,False,False,False,False,False,0
285,PARQUE COCAIA II,False,False,False,False,False,0
286,GUERREIRO,False,False,False,False,False,0
287,JUVENAL CREM,False,False,False,False,False,0
288,PARQUE SANTA AMELIA,False,False,False,False,False,0
289,PARQUE SÃO RAFAEL,False,False,False,False,False,0
290,PARQUE DO ENGENHO,False,False,False,False,False,0
291,PARQUE SANTO ANTÔNIO IV,False,False,False,False,False,0
292,ITAPAIÚNA - OCUPAÇÃO HEBE CAMARGO,False,False,False,False,False,0
293,PEDRO VAZ REGO,False,False,False,False,False,0
294,IMPRENSA NILÓPOLIS,False,False,False,False,False,0
295,PARQUE SANTO ANTÔNIO VI,False,False,False,False,False,0
296,SERRA DAS FIGURAS,False,False,False,False,False,0
297,ÂNGELO REMAZOTTI,False,False,False,False,False,0
298,ALESSANDRO ANTONIANO,False,False,False,False,False,0
299,JARDIM MANACÁS,False,False,False,False,False,0
300,NOVA GRAJAU I E II,False,False,False,False,False,0
302,JARDIM SÃO FRANCISCO DE ASSIS,False,False,False,False,False,0
303,PARQUE COCAIA III,False,False,False,False,False,0
304,BALTAZAR DE CAMPOS,False,False,False,False,False,0
305,ROCINHA,False,False,False,False,False,0
306,ALBUQUERQUE BARROS,False,False,False,False,False,0
307,GIPÓIA,False,False,False,False,False,0
308,JARDIM ARACATI II,False,False,False,False,False,0
309,CEU SAPOPEMBA,False,False,False,False,False,0
310,ALVARENGA II,False,False,False,False,False,0
311,SANTA FE III,False,False,False,False,False,0
312,ANAJAZEIRA 2,False,False,False,False,False,0
313,JARDIM CELESTE,False,False,False,False,False,0
432,VILA FELIZ,False,False,False,False,False,0
314,UNIÃO DA FERROVIA,False,False,False,False,False,0
315,JARDIM DO LAGO I,False,False,False,False,False,0
316,BOA VISTA,False,False,False,False,False,0
317,NESTOR DE CASTRO,False,False,False,False,False,0
318,FRAGATA DA CONSTITUIÇÃO,False,False,False,False,False,0
319,JARDIM VERA CRUZ I,False,False,False,False,False,0
320,JARDIM JAÇANA,False,False,False,False,False,0
321,PARQUE FERNANDA IV,False,False,False,False,False,0
322,NOSSA SENHORA ASSUNÇÃO II,False,False,False,False,False,0
323,JARDIM FONTES,False,False,False,False,False,0
324,FRANCISCO ALVES BEZERRA II,False,False,False,False,False,0
325,OCUPAÇÃO IQ 2014,False,False,False,False,False,0
683,JOÃO GASPAR III,False,False,False,False,False,0
326,FELIX ESCOBAR,False,False,False,False,False,0
327,JARDIM GANHAMBU,False,False,False,False,False,0
328,JARDIM MARIA EMÍLIA,False,False,False,False,False,0
329,SANTA MARGARIDA IV E VI,False,False,False,False,False,0
330,GUIOMAR BRANCO DA SILVA,False,False,False,False,False,0
331,TANCREDO COUTINHO,False,False,False,False,False,0
332,JARDIM VARGINHA III,False,False,False,False,False,0
333,PARQUE OTERO II,False,False,False,False,False,0
334,JARDIM CAMPINAS III,False,False,False,False,False,0
335,PARANAPANEMA III,False,False,False,False,False,0
336,VILA BONILHA,False,False,False,False,False,0
337,SILVESTRO PALMA,False,False,False,False,False,0
338,ANÍBAL DIFRÂNCIA II,False,False,False,False,False,0
339,VIOLÃO II,False,False,False,False,False,0
340,PARQUE TAIPAS,False,False,False,False,False,0
341,ALDEIA DE CIMA,False,False,False,False,False,0
342,CAMPO LIMPO,False,False,False,False,False,0
343,GABRIELA MISTRAL 2,False,False,False,False,False,0
344,JAPARANDUBA I,False,False,False,False,False,0
345,"JARDIM DOS SABIÁS I, II E III",False,False,False,False,False,0
346,CASTRO ALVES,False,False,False,False,False,0
347,PARQUE RESIDENCIAL COCAIA A,False,False,False,False,False,0
348,VIVA A NOITE,False,False,False,False,False,0
349,LETÍCIA,False,False,False,False,False,0
350,FIDALGA II,False,False,False,False,False,0
351,BOROS,False,False,False,False,False,0
472,CHAPADA DE MINAS,False,False,False,False,False,0
352,JARDIM ITAJAI,False,False,False,False,False,0
353,HELEN KELLER,False,False,False,False,False,0
354,MANUEL HOMEM DE ANDRADE I,False,False,False,False,False,0
355,NOVA IMIGRANTES,False,False,False,False,False,0
356,NOVA ESPERANCA,False,False,False,False,False,0
357,ANTONIO VIEIRA MARCONDES II,False,False,False,False,False,0
358,PAPA GREGÓRIO MAGNO,False,False,False,False,False,0
359,NAZLE MAUAD LUTIF,False,False,False,False,False,0
360,PEREZ CASAS,False,False,False,False,False,0
361,DO AREIÃO,False,False,False,False,False,0
362,PARQUE PLANALTO II,False,False,False,False,False,0
363,VILA DALVA,False,False,False,False,False,0
364,VILA IMPÉRIO,False,False,False,False,False,0
365,MÁRIO BELMONTE,False,False,False,False,False,0
366,FABIO LUZ,False,False,False,False,False,0
413,SANTA MARIA,False,False,False,False,False,0
367,TINTAS WANDA I / SÃO JORGE II,False,False,False,False,False,0
368,ARMANDO ERSE FIGUEIREDO,False,False,False,False,False,0
369,PERI ALTO II,False,False,False,False,False,0
370,FESTA CHINESA,False,False,False,False,False,0
371,FAVELINHA JARDIM JARAGUÁ,False,False,False,False,False,0
372,MATEUS LEME,False,False,False,False,False,0
373,VIEGAS XORTES,False,False,False,False,False,0
374,MACHADO NUNES,False,False,False,False,False,0
375,LUIS FAGUNDES MACHADO,False,False,False,False,False,0
376,JARDIM MARPU,False,False,False,False,False,0
377,PALÁCIO GUANABARA II,False,False,False,False,False,0
378,JARDIM ROSANA,False,False,False,False,False,0
379,JARDIM MITSUTANI,False,False,False,False,False,0
414,ANTÔNIO PROOST RODOVALHO NETO,False,False,False,False,False,0
380,GEORGE BERNANOS,False,False,False,False,False,0
381,RECANTO NOVA REPÚBLICA I,False,False,False,False,False,0
382,VILA JOANISA,False,False,False,False,False,0
383,AMERICANÓPOLIS III,False,False,False,False,False,0
384,TOMAZ SANDRINO,False,False,False,False,False,0
385,LOTE 18,False,False,False,False,False,0
386,BRÁS DE ABREU,False,False,False,False,False,0
387,CARBONO,False,False,False,False,False,0
388,SANTA ETELVINA VIII,False,False,False,False,False,0
389,VILA BANCARIA,False,False,False,False,False,0
390,VILA PAULISTANO II,False,False,False,False,False,0
391,VILA PAULISTANO I,False,False,False,False,False,0
392,JARDIM SÃO BENTO NOVO,False,False,False,False,False,0
393,NOVA FLORESTA,False,False,False,False,False,0
394,ENCOSTA DO CÉU PAZ,False,False,False,False,False,0
395,CÓRREGO MARIA PAULA,False,False,False,False,False,0
431,DIOGO RAMIRES,False,False,False,False,False,0
396,VERONIA I,False,False,False,False,False,0
397,RAIMUNDO PEREIRA DE MAGALHÃES I,False,False,False,False,False,0
398,PAPAGAIOS,False,False,False,False,False,0
399,DO LAGO,False,False,False,False,False,0
400,ORVALHEIRA,False,False,False,False,False,0
401,ITAPIXÉ,False,False,False,False,False,0
402,APUANÃ,False,False,False,False,False,0
403,SÃO FAUSTINO,False,False,False,False,False,0
404,MINUETOS,False,False,False,False,False,0
405,JARDIM PAULISTANO,False,False,False,False,False,0
406,SÃO JOSÉ,False,False,False,False,False,0
407,JARDIM LEME,False,False,False,False,False,0
408,PIQUERI,False,False,False,False,False,0
409,SANTO STEFANO I,False,False,False,False,False,0
410,COLINA,False,False,False,False,False,0
411,AMEIXEIRAS,False,False,False,False,False,0
415,JARDIM IMBÉ II,False,False,False,False,False,0
416,AUGUSTO MONTENEGRO,False,False,False,False,False,0
417,IMBUIA,False,False,False,False,False,0
418,MORRO DA USP,False,False,False,False,False,0
419,JARDIM CAPELINHA / NUNO ROLAND,False,False,False,False,False,0
420,SÃO JOSÉ III,False,False,False,False,False,0
421,IGARAPÉ PRIMAVERA,False,False,False,False,False,0
422,CARLOS SEVERO,False,False,False,False,False,0
423,JARDIM MARIA TEREZINHA,False,False,False,False,False,0
424,PARAGUAI,False,False,False,False,False,0
425,GAZETA,False,False,False,False,False,0
426,JOHN AUDUBON II,False,False,False,False,False,0
427,VIELA CARLOS LACERDA,False,False,False,False,False,0
428,JARDIM CLIMAX,False,False,False,False,False,0
429,FATEC,False,False,False,False,False,0
430,GUILHERME COTCHING,False,False,False,False,False,0
433,"JARDIM PLANALTO I , II E III",False,False,False,False,False,0
434,PARQUE FIGUEIRA GRANDE III,False,False,False,False,False,0
435,JARDIM ALZIRA I E II,False,False,False,False,False,0
436,PIETRO CASELLA,False,False,False,False,False,0
437,ORFILIA,False,False,False,False,False,0
438,MATO VERDE I,False,False,False,False,False,0
439,ANGELO ANZOLINO,False,False,False,False,False,0
440,ESTAÇÃO JARAGUÁ,False,False,False,False,False,0
441,ALPHEU LUIZ GASPARINI,False,False,False,False,False,0
442,MARCOS LIBERI,False,False,False,False,False,0
443,FRANCISCO ALVES PEREIRA,False,False,False,False,False,0
444,LUIS BELTRÃO,False,False,False,False,False,0
445,SERRA DE BOTUCATU,False,False,False,False,False,0
446,MARCELO BERNARDINI,False,False,False,False,False,0
447,JOSÉ PEDRO DE BORBA,False,False,False,False,False,0
448,ASCENDINO REIS,False,False,False,False,False,0
449,JARDIM ARNALDO,False,False,False,False,False,0
450,ALTOS DE VILA PRUDENTE,False,False,False,False,False,0
451,MARTINS SARMENTO I,False,False,False,False,False,0
452,SERRA DE MONGAGUÁ,False,False,False,False,False,0
453,PORTO SEGURO,False,False,False,False,False,0
454,BALNEARIO / MAR PAULISTA,False,False,False,False,False,0
455,PARQUE SÃO PAULO,False,False,False,False,False,0
456,JARDIM THOMAS II,False,False,False,False,False,0
457,MANDIOCAL III DO PARQUE REGINA,False,False,False,False,False,0
458,RENATO LOCCHI,False,False,False,False,False,0
470,JARDIM MAZZA I,False,False,False,False,False,0
471,JURUVA,False,False,False,False,False,0
459,ELDORADO,False,False,False,False,False,0
460,JARDIM SANTA MARGARIDA II,False,False,False,False,False,0
461,MARTINS SARMENTO II,False,False,False,False,False,0
462,JARDIM SANTA MARGARIDA I,False,False,False,False,False,0
463,DOMITILA D'ABRIL,False,False,False,False,False,0
464,JOÃO GASPAR II,False,False,False,False,False,0
465,JARDIM MAGGI,False,False,False,False,False,0
466,SÃO JOSÉ BRUNA GALÉA,False,False,False,False,False,0
467,FAVELA DA PAZ,False,False,False,False,False,0
468,JARDIM CACHOEIRA,False,False,False,False,False,0
469,JAN LAMPE,False,False,False,False,False,0
473,NELSON DE SENA,False,False,False,False,False,0
474,ARMANDO ERSE FIGUEIREDO II,False,False,False,False,False,0
475,FRANCISCO EUGENIO DO AMARAL,False,False,False,False,False,0
476,JARDIM MARACANÃ,False,False,False,False,False,0
477,RECANTO NOVA REPÚBLICA III,False,False,False,False,False,0
478,JARDIM ALFREDO I,False,False,False,False,False,0
479,PALMEIRA DE VINHO,False,False,False,False,False,0
480,JAPARANDUBA III,False,False,False,False,False,0
481,MARANHAO II,False,False,False,False,False,0
482,TRIBO,False,False,False,False,False,0
483,JARDIM FIM DE SEMANA IV,False,False,False,False,False,0
484,MARIA STÉFANO,False,False,False,False,False,0
485,JARDIM APURÁ,False,False,False,False,False,0
486,FUNERARIA,False,False,False,False,False,0
502,CONDE MOREIRA LIMA,False,False,False,False,False,0
487,SETE DE SETEMBRO II,False,False,False,False,False,0
488,JARDIM SOARES,False,False,False,False,False,0
489,ESPERANÇA I,False,False,False,False,False,0
490,CRISTOVÃO AIRES,False,False,False,False,False,0
491,ERNESTO NICOLINI,False,False,False,False,False,0
492,JARDIM INDEPENDÊNCIA,False,False,False,False,False,0
493,SANTO ESTEVAN,False,False,False,False,False,0
494,SÃO JOSÉ II,False,False,False,False,False,0
495,DANIEL GRAN,False,False,False,False,False,0
496,SÃO PAULO ANTIGO,False,False,False,False,False,0
497,RENE FERNANDES,False,False,False,False,False,0
498,PASSAGEM II,False,False,False,False,False,0
499,CHÁCARA BELA VISTA,False,False,False,False,False,0
500,TOMÉ DE ALMEIDA OLIVEIRA,False,False,False,False,False,0
501,JARDIM EUCALIPTOS,False,False,False,False,False,0
503,OCUPAÇÃO PROMORAR - SÃO FRANCISCO GLOBAL,False,False,False,False,False,0
504,ESTRELA,False,False,False,False,False,0
505,PARQUE BOA ESPERANÇA,False,False,False,False,False,0
506,FAVELA DOS ANJOS,False,False,False,False,False,0
507,OCUPAÇÃO CITY JARAGUA,False,False,False,False,False,0
508,PRAÇA MACHACARIS,False,False,False,False,False,0
509,SEBASTIANA,False,False,False,False,False,0
510,JARDIM SÃO PEDRO,False,False,False,False,False,0
511,IMIGRANTES,False,False,False,False,False,0
512,PAPATERRA LIMONGI,False,False,False,False,False,0
513,PONTE DA FONTE SÃO BENTO,False,False,False,False,False,0
514,JARDIM MARCELO / CAMPO FERREIRA II,False,False,False,False,False,0
515,JARDIM CASA BLANCA,False,False,False,False,False,0
516,DOCCA,False,False,False,False,False,0
517,FRANCISCO DE OLIVEIRA,False,False,False,False,False,0
518,FAVELA PEDRO RODRIGUES,False,False,False,False,False,0
519,SÃO JOSÉ DE MIPIBU,False,False,False,False,False,0
564,PIOLHO,False,False,False,False,False,0
520,PARQUE BRASILANDIA,False,False,False,False,False,0
521,JAHU CANGAÍBA,False,False,False,False,False,0
522,OLINDA,False,False,False,False,False,0
523,JARDIM ADUTORA,False,False,False,False,False,0
524,CRUZ DE MALTA,False,False,False,False,False,0
525,JARDIM ROSELI,False,False,False,False,False,0
526,MOINHO,False,False,False,False,False,0
527,TOMÁS POMPEU II,False,False,False,False,False,0
528,CAMPO NOVO DO SUL II,False,False,False,False,False,0
565,COLÔNIA SARMIENTO,False,False,False,False,False,0
529,NUCLEO VERDE,False,False,False,False,False,0
530,PARQUE OTERO,False,False,False,False,False,0
531,FRANCESCO USPER,False,False,False,False,False,0
532,VILA CHEBA,False,False,False,False,False,0
533,JARDIM NOVO ORIENTE I,False,False,False,False,False,0
534,ALCIDES DA COSTA,False,False,False,False,False,0
535,CANTO DA SAUDADE,False,False,False,False,False,0
536,JOÃO DA CRUZ E SOUSA,False,False,False,False,False,0
537,CIDADE DA CRIANÇA AUTOBAN,False,False,False,False,False,0
538,LIBERALINA,False,False,False,False,False,0
566,RUA ÍNDIA,False,False,False,False,False,0
567,LAS PALMAS,False,False,False,False,False,0
539,SANTA HELENA,False,False,False,False,False,0
540,IMPERATRIZ DONA AMÉLIA,False,False,False,False,False,0
541,ESTÂNCIA MIRIM,False,False,False,False,False,0
542,SÃO REMO,False,False,False,False,False,0
543,PARQUE FIGUEIRA GRANDE V,False,False,False,False,False,0
544,ESMERALDA II,False,False,False,False,False,0
545,MANGARÁS,False,False,False,False,False,0
546,JARDIM IEDA,False,False,False,False,False,0
547,CHÁCARA SANTA MARIA,False,False,False,False,False,0
548,PACHECO E SILVA,False,False,False,False,False,0
549,TULIO TEODORO DE CAMPOS,False,False,False,False,False,0
562,MANUEL DE TEFFE,False,False,False,False,False,0
563,CIDADE DE SANTOS,False,False,False,False,False,0
550,ROCINHA PAULISTANA,False,False,False,False,False,0
551,PONTE DO JAGUARÉ,False,False,False,False,False,0
552,TOLSTÓI E UNIÃO,False,False,False,False,False,0
553,VILA ANTONINA,False,False,False,False,False,0
554,GUIAN CORRUIRAS,False,False,False,False,False,0
555,JARDIM HELGA II,False,False,False,False,False,0
556,ÁREA REMANESCENTE GUARANI I,False,False,False,False,False,0
557,JOÃO FRANCISCO,False,False,False,False,False,0
558,PABLO NERUDA,False,False,False,False,False,0
559,JOSÉ PEDRESCHI,False,False,False,False,False,0
560,FAVELA DO CAMPO,False,False,False,False,False,0
561,CIDADE AZUL II,False,False,False,False,False,0
568,VILMA FLOR,False,False,False,False,False,0
569,JARDIM LILAH,False,False,False,False,False,0
570,PROMORAR DA PARADA,False,False,False,False,False,0
571,CIPOABA,False,False,False,False,False,0
572,JARDIM DA PAZ,False,False,False,False,False,0
573,HELIÓPOLIS - VIELA DAS GAIVOTAS,False,False,False,False,False,0
574,TATSUO OKACHI,False,False,False,False,False,0
575,VIOLÃO I,False,False,False,False,False,0
576,PIRATININGA I,False,False,False,False,False,0
577,SANTA MARGARIDA V,False,False,False,False,False,0
578,TRAVESSA EVOCAÇÃO,False,False,False,False,False,0
579,MOINHO VELHO,False,False,False,False,False,0
580,MILHARAL,False,False,False,False,False,0
581,JARDIM CIDADE IV,False,False,False,False,False,0
582,JARDIM SÃO MANOEL,False,False,False,False,False,0
583,JOSÉ ALVES DA SILVA,False,False,False,False,False,0
584,CUNHA PORÃ,False,False,False,False,False,0
585,IRACEMA DE ALENCAR,False,False,False,False,False,0
586,PASSARELA JERSON ANTONIO BRITO FILHO,False,False,False,False,False,0
587,ÁREA REMANESCENTE GUARANI II,False,False,False,False,False,0
588,JOÃO BERALDI,False,False,False,False,False,0
589,IMPERIO I,False,False,False,False,False,0
590,CIRCULAR,False,False,False,False,False,0
591,BARRA DE SANTA ROSA,False,False,False,False,False,0
592,TOLSTOI II,False,False,False,False,False,0
593,PEDRO BUENO,False,False,False,False,False,0
594,CIDADE AZUL,False,False,False,False,False,0
595,FAVELA CONJUNTO PARQUE NOVO MUNDO - VILA MARIA,False,False,False,False,False,0
596,JOSÉ LOPES,False,False,False,False,False,0
597,USHIKISHI KAMIYA,False,False,False,False,False,0
598,MANUEL ALVES FERREIRA,False,False,False,False,False,0
599,HENRIQUE MINDLIN,False,False,False,False,False,0
600,JARDIM GUANGUARÁ,False,False,False,False,False,0
601,CORREGO MONGAGUA,False,False,False,False,False,0
602,JARDIM PANORAMA,False,False,False,False,False,0
603,PENIEL DE PAZ,False,False,False,False,False,0
604,JERÔNIMO MAIOR,False,False,False,False,False,0
605,BEIRA RIO,False,False,False,False,False,0
606,GLEBA,False,False,False,False,False,0
607,OUTONO INVERNO,False,False,False,False,False,0
608,BENTO GUELFI,False,False,False,False,False,0
609,CAMPO DOS FERREIRAS I,False,False,False,False,False,0
610,JARDIM DOS PRADOS,False,False,False,False,False,0
611,MORRO DAS CONCHAS,False,False,False,False,False,0
612,NOVA BRASILIA V,False,False,False,False,False,0
613,JARDIM RIO D'OURO,False,False,False,False,False,0
614,ZAVUVUS SETOR 16,False,False,False,False,False,0
615,PISCINÃO ARICANDUVA II,False,False,False,False,False,0
616,LEONARDO PRIMAVERA,False,False,False,False,False,0
617,JARDIM ITAPURA II,False,False,False,False,False,0
618,BROOK TAYLOR,False,False,False,False,False,0
619,DANIEL CERRI III,False,False,False,False,False,0
620,GERVASIO BOTELHO,False,False,False,False,False,0
621,PARQUE MARIA FERNANDA I E II,False,False,False,False,False,0
622,CRISTÓVÃO PEREIRA,False,False,False,False,False,0
623,FLORES TROPICAIS,False,False,False,False,False,0
624,VILA NOVA ESPERANÇA,False,False,False,False,False,0
625,BEATRIZ / GASTÃO RAMOS,False,False,False,False,False,0
626,MORRO DAS PEDRAS - SÃO FRANCISCO GLOBAL,False,False,False,False,False,0
627,JARDIM CAMPOS II,False,False,False,False,False,0
628,ÁRVORE DE SÃO TOMÁS,False,False,False,False,False,0
629,PARQUE SANTO ANTÔNIO II,False,False,False,False,False,0
682,BURACO DO SAPO II,False,False,False,False,False,0
630,AUTÓDROMO II,False,False,False,False,False,0
631,TANQUINHO,False,False,False,False,False,0
632,PARQUE FERNANDA II,False,False,False,False,False,0
633,JARDIM DAS ROSAS II,False,False,False,False,False,0
634,VILA DA COMUNIDADE,False,False,False,False,False,0
635,BURACO FRIO,False,False,False,False,False,0
636,ALDEIA DE BAIXO,False,False,False,False,False,0
637,PARQUE PLANALTO I,False,False,False,False,False,0
638,SATURNINO PEREIRA,False,False,False,False,False,0
639,CHICA LUIZA II,False,False,False,False,False,0
640,CONSTANTINO PALUMBO,False,False,False,False,False,0
641,JARDIM SANTA JOSEFINA,False,False,False,False,False,0
679,JAMIL SAWAIA I,False,False,False,False,False,0
642,TEOTÔNIO VILELA ARTIGAS,False,False,False,False,False,0
643,HORTO DO IPÊ,False,False,False,False,False,0
644,JARDIM BRASIL,False,False,False,False,False,0
645,FAZENDA DA JUTA V,False,False,False,False,False,0
646,VANDERLEI DO PRADO,False,False,False,False,False,0
647,MANOEL QUIRINO DE MATOS,False,False,False,False,False,0
648,JARDIM COPACABANA,False,False,False,False,False,0
649,GATO PRETO II,False,False,False,False,False,0
650,AMARAVATI PRAÇA,False,False,False,False,False,0
651,MARIANO RONCHI,False,False,False,False,False,0
680,RECANTO CAMPO BELO III,False,False,False,False,False,0
681,VILA INGLESA,False,False,False,False,False,0
652,MUZAMBINHO,False,False,False,False,False,0
653,LUIS OLIVIERI,False,False,False,False,False,0
654,VILA ZILDA,False,False,False,False,False,0
655,BALSA,False,False,False,False,False,0
656,CHARLES CAMERON,False,False,False,False,False,0
657,FAVELA ENCONTROS E DESPEDIDAS,False,False,False,False,False,0
658,ALCINDO FERREIRA I / JARDIM CRUZEIRO,False,False,False,False,False,0
659,VILA ANDRÉIA,False,False,False,False,False,0
660,ANHANGUERA,False,False,False,False,False,0
661,CASA VERDE BAIXA,False,False,False,False,False,0
662,BERNARDIM RIBEIRO,False,False,False,False,False,0
663,COLIBRIS DA SERRA,False,False,False,False,False,0
664,SOUZA RAMOS,False,False,False,False,False,0
665,JARDIM EVANA,False,False,False,False,False,0
666,ADALBERTO KURT,False,False,False,False,False,0
667,SAFIRA,False,False,False,False,False,0
668,PARQUE SANTA MADALENA II,False,False,False,False,False,0
669,MATIMPERERE,False,False,False,False,False,0
670,SANTO AMÉRICO,False,False,False,False,False,0
671,ALFEREZ FRAZÃO,False,False,False,False,False,0
672,JOÃO GALDINO COELHO,False,False,False,False,False,0
673,EGIDIO MARTINS,False,False,False,False,False,0
674,DUARTE DE BRITO,False,False,False,False,False,0
675,UNIÃO,False,False,False,False,False,0
676,GIROLAMO DAI LIBRI,False,False,False,False,False,0
677,MANUEL RIBAS,False,False,False,False,False,0
678,JARDIM ANTONIETA / JARDIM SANTO ANTÔNIO,False,False,False,False,False,0
684,ARCO VERDE,False,False,False,False,False,0
685,PAULINO ALVES ESCUDEIRO,False,False,False,False,False,0
686,CASTELINHO,False,False,False,False,False,0
687,VAZ DE LIMA / SANTO DIAS / JARDIM LIDIA,False,False,False,False,False,0
688,JARDIM MELO,False,False,False,False,False,0
689,ALFREDO OMETECIDIO,False,False,False,False,False,0
690,JARDIM MARINGÁ,False,False,False,False,False,0
694,TEODORO COCHER,False,False,False,False,False,0
695,MARANHAO I,False,False,False,False,False,0
696,BALNEARIO SÃO JOSE,False,False,False,False,False,0
748,ESTRADA DO SUMARÉ,False,False,False,False,False,0
691,JARDIM NOVA PANTANAL,False,False,False,False,False,0
692,JARDIM ZILDA,False,False,False,False,False,0
693,JARDIM DAS FLORES,False,False,False,False,False,0
697,JARDIM MORAIS PRADO II,False,False,False,False,False,0
698,PARQUE NOVO SANTO AMARO III,False,False,False,False,False,0
699,VENTURA BRANCO,False,False,False,False,False,0
700,BEIRA DA LINHA,False,False,False,False,False,0
701,JARDIM LOURDES,False,False,False,False,False,0
702,TIQUATIRA,False,False,False,False,False,0
703,PALÁCIO MONROE,False,False,False,False,False,0
704,AGUAS DE CHAPECO,False,False,False,False,False,0
705,SAVÉRIO VALENTE,False,False,False,False,False,0
706,QUILOMETRO VINTE E OITO,False,False,False,False,False,0
707,JOSÉ ROBERTO SALES,False,False,False,False,False,0
708,BAÍA DOS PÁSSAROS,False,False,False,False,False,0
709,JOÃO PERES CALHAMARES,False,False,False,False,False,0
747,LUIZA ERUNDINA,False,False,False,False,False,0
710,TAQUARITIBA,False,False,False,False,False,0
711,MANSORES,False,False,False,False,False,0
712,FREI AMADOR ANAIS,False,False,False,False,False,0
713,FUJIHARA II,False,False,False,False,False,0
714,JARDIM BORBA GATO,False,False,False,False,False,0
715,JARDIM BOM REFÚGIO,False,False,False,False,False,0
716,IGUAÇU,False,False,False,False,False,0
717,SERINGUEIRA,False,False,False,False,False,0
718,JARDIM ROSCHEL I,False,False,False,False,False,0
719,GAROUPAS,False,False,False,False,False,0
720,JARDIM PIRACUAMA III,False,False,False,False,False,0
721,JARDIM IDEAL II,False,False,False,False,False,0
1178,JARDIM SHANGRILA III,False,False,False,False,False,0
722,PARQUE NOVO SANTO AMARO I E II,False,False,False,False,False,0
723,VILA DAS PRATAS II,False,False,False,False,False,0
724,PASSAGEM III,False,False,False,False,False,0
725,PROJETADA,False,False,False,False,False,0
726,REAL PARQUE,False,False,False,False,False,0
727,GUANABARA,False,False,False,False,False,0
728,BALTAZAR LOPES FRAGOSO,False,False,False,False,False,0
729,PARQUE GRAJAÚ,False,False,False,False,False,0
730,SÍTIO PEDRO VELHO,False,False,False,False,False,0
731,MENDES GAIA,False,False,False,False,False,0
732,GIOVANNI NASCO,False,False,False,False,False,0
733,HAIA DO CARRÃO-ÁREA 2,False,False,False,False,False,0
734,CHACARA,False,False,False,False,False,0
735,JARDIM SOLANGE,False,False,False,False,False,0
736,PINHALZINHO EMURB,False,False,False,False,False,0
737,CONJUNTO NOSSA SENHORA APARECIDA,False,False,False,False,False,0
738,VILA PRAIA,False,False,False,False,False,0
739,JARDIM CASAGRANDE I,False,False,False,False,False,0
740,FREI LEANDRO DO SACRAMENTO,False,False,False,False,False,0
741,BEIRA MAR,False,False,False,False,False,0
742,JARDIM REBECA,False,False,False,False,False,0
743,FAVELA DO GELO,False,False,False,False,False,0
744,SATÉLITE II,False,False,False,False,False,0
745,JARDIM SÃO BERNARDO II,False,False,False,False,False,0
746,TAPUIA,False,False,False,False,False,0
749,BELMIRA MARIN II,False,False,False,False,False,0
750,MONFORTE DE LEMOS,False,False,False,False,False,0
751,BARÃO DE RESENDE,False,False,False,False,False,0
752,ALTO DA ALEGRIA,False,False,False,False,False,0
753,JARDIM MARABÁ II,False,False,False,False,False,0
754,GILBERTO CHAVES,False,False,False,False,False,0
755,CANTO DA NOITE / MAR DESCONHECIDO,False,False,False,False,False,0
756,PAULISTAS,False,False,False,False,False,0
757,ARNOLDO MATTERS,False,False,False,False,False,0
758,VISCONDE DE JARI,False,False,False,False,False,0
759,ESCOLA OLINDA LEITE,False,False,False,False,False,0
1058,ITUNA,False,False,False,False,False,0
760,JARDIM SÃO VICENTE,False,False,False,False,False,0
761,MARILDA,False,False,False,False,False,0
762,LUAR DO SERTÃO III,False,False,False,False,False,0
763,AUGUSTO GONZAGA,False,False,False,False,False,0
764,CAMBAXIRRA,False,False,False,False,False,0
765,ANTÔNIO DO VALE,False,False,False,False,False,0
766,JARDIM SATÉLITE I E II / MARIA A A I E II,False,False,False,False,False,0
767,JARDIM MONTE ALEGRE I,False,False,False,False,False,0
768,PARQUE RECREIO,False,False,False,False,False,0
769,NOVO PARELHEIROS,False,False,False,False,False,0
770,OLÍMPIO RODRIGUES DE ARAÚJO,False,False,False,False,False,0
771,BENEFICENTE,False,False,False,False,False,0
772,BASÍLIO TELES,False,False,False,False,False,0
773,JULES MASSENET,False,False,False,False,False,0
774,VILA XAVANTES,False,False,False,False,False,0
775,TEOTÔNIO VILELA,False,False,False,False,False,0
776,MAURICE DENIS,False,False,False,False,False,0
777,JARDIM SÃO JUDAS TADEU,False,False,False,False,False,0
778,TABOR,False,False,False,False,False,0
779,ADOLFO ADAM,False,False,False,False,False,0
780,JARDIM FIM DE SEMANA,False,False,False,False,False,0
781,JARDIM IPANEMA,False,False,False,False,False,0
782,PRAIA,False,False,False,False,False,0
1070,FAVELA BURACÃO,False,False,False,False,False,0
783,TESOUREIRO,False,False,False,False,False,0
784,JARDIM MARIA SAMPAIO I,False,False,False,False,False,0
785,FULFARO,False,False,False,False,False,0
786,JARDIM HELGA,False,False,False,False,False,0
787,JARDIM NARDINI I,False,False,False,False,False,0
788,VILA INGLESA DE BAIXO,False,False,False,False,False,0
789,CAMPO FORMOSO,False,False,False,False,False,0
790,ARLINDA RAMOS ROLEIRA,False,False,False,False,False,0
791,NOSSA SENHORA APARECIDA,False,False,False,False,False,0
792,MORADA DO SOL,False,False,False,False,False,0
804,PARQUE SANTO ANTÔNIO I,False,False,False,False,False,0
818,JARDIM ITAPURA III,False,False,False,False,False,0
793,VILA CAIS,False,False,False,False,False,0
794,MAURO II,False,False,False,False,False,0
795,SANTA ROSA,False,False,False,False,False,0
796,DANÇA BRASILEIRA,False,False,False,False,False,0
797,NAGIB I E II,False,False,False,False,False,0
798,VIELA DA PAZ,False,False,False,False,False,0
799,LOURENÇO,False,False,False,False,False,0
800,JARDIM DOS FRANCOS II,False,False,False,False,False,0
801,HAMILTON DE ARAÚJO,False,False,False,False,False,0
802,DOIS,False,False,False,False,False,0
803,TEODOMIRO JOSÉ BARBOSA,False,False,False,False,False,0
856,LIBERATO LUIZ TAVARES II,False,False,False,False,False,0
805,JARDIM PANAMERICANO,False,False,False,False,False,0
806,ESPERANCA II,False,False,False,False,False,0
807,NICOLAS ADAM,False,False,False,False,False,0
808,OSCAR ROSAS RIBEIRO,False,False,False,False,False,0
809,TOTÓ,False,False,False,False,False,0
810,JARDIM MARISTELA,False,False,False,False,False,0
811,JOÃO MANOEL VAZ,False,False,False,False,False,0
812,JAN BREUGHEL,False,False,False,False,False,0
813,ESTADO DE SÃO PAULO,False,False,False,False,False,0
814,SANTA MÔNICA,False,False,False,False,False,0
815,NIÁGARA,False,False,False,False,False,0
816,FRANCISCO DE SALES,False,False,False,False,False,0
817,ESMERALDA,False,False,False,False,False,0
857,ALEXANDRE LIMA,False,False,False,False,False,0
819,FAZENDA DA JUTA IV,False,False,False,False,False,0
820,BURACO DO SAPO,False,False,False,False,False,0
821,CHÁCARA SANTO AMARO,False,False,False,False,False,0
822,JARDIM SÃO BENTO VELHO II,False,False,False,False,False,0
823,BANDUIRA,False,False,False,False,False,0
824,RECANTO DA MOEDA,False,False,False,False,False,0
825,RECANTO DO SOL,False,False,False,False,False,0
826,PLANALTO DAS TORRES,False,False,False,False,False,0
827,VILA NOVA GALVÃO I,False,False,False,False,False,0
828,TAVANES I,False,False,False,False,False,0
829,ANATOLI LIADOV,False,False,False,False,False,0
830,TORRES DE OLIVEIRA,False,False,False,False,False,0
831,PISCINÃO RIO DAS PEDRAS,False,False,False,False,False,0
832,ARTUR NASCIMENTO,False,False,False,False,False,0
833,PAULO DE SOUZA FERREIRA,False,False,False,False,False,0
834,PALMAS DO TREMEMBÉ,False,False,False,False,False,0
835,JARDIM CIDADE II,False,False,False,False,False,0
836,GUAPIRA I,False,False,False,False,False,0
837,ANDRADE DUQUET,False,False,False,False,False,0
838,BALAPAPESP III,False,False,False,False,False,0
839,CANTO DO RIO VERDE,False,False,False,False,False,0
840,JARDIM EDUCANDÁRIO I,False,False,False,False,False,0
841,JARDIM CIDADE I,False,False,False,False,False,0
842,PARQUE EUROPA III,False,False,False,False,False,0
843,PASSAGEM NOTURNA,False,False,False,False,False,0
844,JARDIM MACEDÔNIA,False,False,False,False,False,0
845,PULLMAN,False,False,False,False,False,0
846,JARDIM GERMÂNIA,False,False,False,False,False,0
847,SOLDADO JOSÉ LINO DO NASCIMENTO,False,False,False,False,False,0
848,FAVELA ALBA,False,False,False,False,False,0
849,JARDIM COMERCIAL II,False,False,False,False,False,0
850,PIOLHO II,False,False,False,False,False,0
851,LOUIS CARAVAQUE,False,False,False,False,False,0
852,CIDADE DE DEUS,False,False,False,False,False,0
853,IPÊ,False,False,False,False,False,0
854,SAFRA,False,False,False,False,False,0
855,PESCARA,False,False,False,False,False,0
858,BOULEVARD DA PAZ,False,False,False,False,False,0
859,FAVELA JUNO,False,False,False,False,False,0
860,BOSQUE DO SOL I,False,False,False,False,False,0
861,GÊMEOS,False,False,False,False,False,0
862,NELLA MURARI ROSA,False,False,False,False,False,0
863,JARDIM D ABRIL I,False,False,False,False,False,0
864,MARIA OSÓRIO TEIXEIRA,False,False,False,False,False,0
865,JARDIM MARIA LUIZA,False,False,False,False,False,0
866,PARQUE SANTO ANTÔNIO III,False,False,False,False,False,0
867,ITACOLOMI,False,False,False,False,False,0
868,MORRO DOCE I,False,False,False,False,False,0
869,PARAGUAI,False,False,False,False,False,0
870,COLORADO,False,False,False,False,False,0
871,JARDIM DAS CAMÉLIAS,False,False,False,False,False,0
872,JARDIM PIRACEMA,False,False,False,False,False,0
873,BARONE MERCADANTE,False,False,False,False,False,0
874,BUERU,False,False,False,False,False,0
875,ERNESTO BOTTONI,False,False,False,False,False,0
876,TRANSMISSÃO,False,False,False,False,False,0
877,VILA FACHINI,False,False,False,False,False,0
878,JARDIM VARGINHA I / VIELA DAS ADÁLIAS,False,False,False,False,False,0
879,PARQUE NOVO SANTO AMARO IV,False,False,False,False,False,0
880,MILAGRE DOS PEIXES,False,False,False,False,False,0
1097,MANUEL MELO FREIRE,False,False,False,False,False,0
881,PIRATININGA,False,False,False,False,False,0
882,JACINTO FERREIRA,False,False,False,False,False,0
883,ARAGÃO LAVRINHAS,False,False,False,False,False,0
884,JOSÉ RAMOS FERNANDES,False,False,False,False,False,0
885,CLÓVIS VAZ DE SOUZA,False,False,False,False,False,0
886,ZOIÃO,False,False,False,False,False,0
887,VILA CAVATTON,False,False,False,False,False,0
888,SÃO PEDRO,False,False,False,False,False,0
889,VIELA BAYER,False,False,False,False,False,0
890,MORUMBI SUL,False,False,False,False,False,0
891,FAVELA DAS MODULAÇÕES,False,False,False,False,False,0
892,NEUMAS / KAGOHARA IV,False,False,False,False,False,0
893,PONTA DA PRAIA,False,False,False,False,False,0
894,ITAPIOCABA,False,False,False,False,False,0
938,MANOEL ALVES MESQUITA,False,False,False,False,False,0
895,CORÉIA,False,False,False,False,False,0
896,EMBOABAS,False,False,False,False,False,0
897,PULLMAN III,False,False,False,False,False,0
898,IVAR BECKMAN,False,False,False,False,False,0
899,OSVALDO VALLE CORDEIRO,False,False,False,False,False,0
900,CHÁCARA SONHO AZUL - A,False,False,False,False,False,0
901,SAPÉ,False,False,False,False,False,0
902,PARQUE PEREIRA,False,False,False,False,False,0
903,JARDIM DAS PALMAS,False,False,False,False,False,0
939,LOURENÇO DE MENDONÇA,False,False,False,False,False,0
940,MATO VERDE II,False,False,False,False,False,0
904,VIETNÃ,False,False,False,False,False,0
905,CPTM RECANTO DOS HUMILDES,False,False,False,False,False,0
906,ACARIRANA,False,False,False,False,False,0
907,MARIO CARDIM,False,False,False,False,False,0
908,MORRO DA LUA,False,False,False,False,False,0
909,MORRO DO PEL,False,False,False,False,False,0
910,NAZARÉ MENEZES,False,False,False,False,False,0
911,CHAZINHO,False,False,False,False,False,0
912,JARDIM ORLY II,False,False,False,False,False,0
913,JARDIM CAIÇARA,False,False,False,False,False,0
914,AFONSO VIDAL,False,False,False,False,False,0
1179,JOÃO GASPAR I,False,False,False,False,False,0
915,MANUEL MOREIRA DE SÁ,False,False,False,False,False,0
916,MOACIR PADILHA,False,False,False,False,False,0
917,JARDIM LETÍCIA,False,False,False,False,False,0
918,HEITOR ANTONIO EIRAS GARCIA,False,False,False,False,False,0
919,PROMORAR,False,False,False,False,False,0
920,MANDIOCAL II DO PARQUE REGINA,False,False,False,False,False,0
921,JARDIM LEÔNIDAS MOREIRA,False,False,False,False,False,0
922,NOVA MONSENHOR JERÔNIMO RODRIGUES,False,False,False,False,False,0
923,JARDIM SÃO LUIS II,False,False,False,False,False,0
924,ARPOADOR,False,False,False,False,False,0
925,JAU,False,False,False,False,False,0
926,ALEGRIA,False,False,False,False,False,0
927,CAMPOS MELLO I,False,False,False,False,False,0
928,JARDIM CIDADE PIRITUBA,False,False,False,False,False,0
929,DONA CRISTINA,False,False,False,False,False,0
930,CIDADE D ABRIL,False,False,False,False,False,0
931,ANGELO SAMPAIO,False,False,False,False,False,0
932,JARDIM LEÔNIDAS MOREIRA III,False,False,False,False,False,0
933,BORNEO,False,False,False,False,False,0
934,JARDIM REBOUÇAS,False,False,False,False,False,0
935,SÃO NICOLAU,False,False,False,False,False,0
936,MOENDA VELHA,False,False,False,False,False,0
937,ELIDA,False,False,False,False,False,0
1254,MONTE KEMEL,False,False,False,False,False,0
941,SEBASTIÃO ADVÍNCOLA DA CUNHA,False,False,False,False,False,0
942,SÃO ROQUE,False,False,False,False,False,0
943,JARDIM GUARANI,False,False,False,False,False,0
944,CROMER,False,False,False,False,False,0
945,FERRER BASSA,False,False,False,False,False,0
946,EROTIDES DE CAMPOS,False,False,False,False,False,0
947,ANTONIO SILVESTRE,False,False,False,False,False,0
948,QUEBEC,False,False,False,False,False,0
949,NEIDE APARECIDA SOLITO,False,False,False,False,False,0
950,ESTRADA ANTIGA DO MAR,False,False,False,False,False,0
951,EMBIRA,False,False,False,False,False,0
952,CHÁCARA CHACRINHA,False,False,False,False,False,0
953,TRÊS ESTRELAS,False,False,False,False,False,0
954,OCUPAÇÃO MORUMBIZINHO - SÃO FRANCISCO GLOBAL,False,False,False,False,False,0
977,JARDIM VALE VERDE,False,False,False,False,False,0
955,PEINHA,False,False,False,False,False,0
956,AMERICANÓPOLIS I,False,False,False,False,False,0
957,OCUPAÇÃO FRANCISCO ALVARES CORREIA,False,False,False,False,False,0
958,ALFREDO HANISCH,False,False,False,False,False,0
959,RAUL DE LEONI RAMOS,False,False,False,False,False,0
960,DOMITILA,False,False,False,False,False,0
961,RECANTO NOVA REPÚBLICA II,False,False,False,False,False,0
962,ESPERANÇA,False,False,False,False,False,0
963,JARDIM ZOOLÓGICO,False,False,False,False,False,0
964,PARQUE SANTA MADALENA I,False,False,False,False,False,0
965,VIELA CINCO,False,False,False,False,False,0
978,JARDIM CAMBARÁ II,False,False,False,False,False,0
966,RECANTO DA ALEGRIA,False,False,False,False,False,0
967,RODOLFO MOZER,False,False,False,False,False,0
968,OLARIA,False,False,False,False,False,0
969,MAURO,False,False,False,False,False,0
970,MIRANDAS II,False,False,False,False,False,0
971,BOA ESPERANÇA,False,False,False,False,False,0
972,ARRAIAS DO ARAGUAIA,False,False,False,False,False,0
973,ANGELO TARSINI,False,False,False,False,False,0
974,JARDIM NARDINI II,False,False,False,False,False,0
975,JARDIM JARAGUA,False,False,False,False,False,0
976,VILA NOVA PIRAJUSSARA,False,False,False,False,False,0
979,GUAICURI II / PEDRA SOBRE PEDRA,False,False,False,False,False,0
980,FERDINANDO RAMPONI,False,False,False,False,False,0
981,"JARDIM NORONHA I, II E III",False,False,False,False,False,0
982,ALVARES DE CASTRO,False,False,False,False,False,0
983,CONSELHEIRO MOREIRA DE BARROS,False,False,False,False,False,0
984,ANTONIO ROMANO DE OLIVEIRA,False,False,False,False,False,0
985,MENDONÇA ARRAES,False,False,False,False,False,0
986,LINDA TV PATRÍCIA,False,False,False,False,False,0
987,BOAVENTURA FERREIRA,False,False,False,False,False,0
988,JARDIM SORAIA,False,False,False,False,False,0
989,SEM TERRA,False,False,False,False,False,0
1330,CEFALONIA,False,False,False,False,False,0
990,ORQUIDEAS / PARQUE PRIMAVERA,False,False,False,False,False,0
991,FAVELA DO TAMANDUATEI,False,False,False,False,False,0
992,PEDREIRA I,False,False,False,False,False,0
993,PARQUE SUMARÉ,False,False,False,False,False,0
994,ANTONIO MADI,False,False,False,False,False,0
995,SIMONE DONATELO,False,False,False,False,False,0
996,PARANAPANEMA II,False,False,False,False,False,0
997,DOMINGOS ESCORCIO,False,False,False,False,False,0
998,JARDIM CATANDUVA,False,False,False,False,False,0
999,FAVELA PARCEL,False,False,False,False,False,0
1009,SERAFIM ÁLVAREZ,False,False,False,False,False,0
1010,CONSTANÇA DA CONCEIÇÃO,False,False,False,False,False,0
1331,BONIFÁCIO MAIA,False,False,False,False,False,0
1000,ORESTE DAMOLIN,False,False,False,False,False,0
1001,JARDIM UNIVERSAL I,False,False,False,False,False,0
1002,JARDIM HASANO II,False,False,False,False,False,0
1003,RECANTO CAMPO BELO I,False,False,False,False,False,0
1004,SANTA CATARINA,False,False,False,False,False,0
1005,FAVELA ARAGUARY II,False,False,False,False,False,0
1006,MISSIONARIA V,False,False,False,False,False,0
1007,VERA CRUZ,False,False,False,False,False,0
1008,NOVA V,False,False,False,False,False,0
1011,SANTA TEREZINHA II,False,False,False,False,False,0
1012,VILA NOVA,False,False,False,False,False,0
1013,JARDIM CAMBARÁ I,False,False,False,False,False,0
1014,MONTE PIRAPIRAPUÃ,False,False,False,False,False,0
1015,PRAÇA JEQUIÉ,False,False,False,False,False,0
1016,JARDIM ALMANARA,False,False,False,False,False,0
1017,VALE DAS VIRTUDES I,False,False,False,False,False,0
1018,SANTO DIAS II,False,False,False,False,False,0
1019,SOUZA DANTAS,False,False,False,False,False,0
1020,VILA SULINA,False,False,False,False,False,0
1021,JARDIM ROSA MARIA III,False,False,False,False,False,0
1059,VILA DO SOL,False,False,False,False,False,0
1022,SÃO SAVERIO,False,False,False,False,False,0
1023,VILA NOVA GALVAO II,False,False,False,False,False,0
1024,MANDIOCAL I DO PARQUE REGINA,False,False,False,False,False,0
1025,PALÁCIO GUANABARA IV,False,False,False,False,False,0
1026,CAMPO GRANDE I,False,False,False,False,False,0
1027,JARDIM JANGADEIRO,False,False,False,False,False,0
1028,MORRO DOCE II,False,False,False,False,False,0
1041,VILA CRISTINA,False,False,False,False,False,0
1042,AVARÉ,False,False,False,False,False,0
1029,JARDIM CAMPO DE FORA / SANTO ANTÔNIO,False,False,False,False,False,0
1030,JOÃO GOMES CARNEIRO,False,False,False,False,False,0
1031,SINCORÁ,False,False,False,False,False,0
1032,CAETANO PAIOLI,False,False,False,False,False,0
1033,JARDIM ALVINA,False,False,False,False,False,0
1034,BALTAZAR DE QUADROS,False,False,False,False,False,0
1035,ÁGUAS DE CONTENDAS,False,False,False,False,False,0
1036,TIRSO MARTINS,False,False,False,False,False,0
1037,VILA BOAÇAVA,False,False,False,False,False,0
1038,LAGO DO JUNCA,False,False,False,False,False,0
1039,JARDIM POUSO ALEGRE,False,False,False,False,False,0
1040,CEPO,False,False,False,False,False,0
1043,IBITINGA,False,False,False,False,False,0
1044,PARQUE ANHANGUERA,False,False,False,False,False,0
1045,MONTE KEMEL,False,False,False,False,False,0
1046,RUA DAS ROLINHAS,False,False,False,False,False,0
1047,VILA DAS BELEZAS,False,False,False,False,False,0
1048,FAENZA I,False,False,False,False,False,0
1049,FRANCISCO SANCHES DIAS,False,False,False,False,False,0
1050,JARDIM ZAIRA,False,False,False,False,False,0
1051,SEM SAÍDA,False,False,False,False,False,0
1052,DAVID EID,False,False,False,False,False,0
1053,IRGA,False,False,False,False,False,0
1054,JARDIM SÃO JANUÁRIO II,False,False,False,False,False,0
1055,JARDIM RINCÃO II,False,False,False,False,False,0
1056,CANAÃ,False,False,False,False,False,0
1057,BURACÃO,False,False,False,False,False,0
1060,VILA LIVIERO,False,False,False,False,False,0
1061,IMPRENSA COLONOS,False,False,False,False,False,0
1062,JARDIM TOCA / JARDIM PROGRESSO,False,False,False,False,False,0
1063,MUCUGÊ,False,False,False,False,False,0
1064,GENTIL FABRIANO,False,False,False,False,False,0
1065,JARDIM DAS PEDRAS,False,False,False,False,False,0
1066,ETELVINA B,False,False,False,False,False,0
1067,PADRE CORREIA DE ALMEIDA,False,False,False,False,False,0
1068,CORAIM MACHADO,False,False,False,False,False,0
1069,JARDIM IRAPIRANGA,False,False,False,False,False,0
1071,TEONILO DE SOUZA,False,False,False,False,False,0
1072,FRANCISCO JORGE DA SILVA,False,False,False,False,False,0
1073,MARILAC,False,False,False,False,False,0
1074,JARDIM VERA CRUZ II,False,False,False,False,False,0
1075,PARQUE NOVA ANHANGUERA,False,False,False,False,False,0
1076,ALVES DE SOUZA,False,False,False,False,False,0
1077,CARLOS BIGNARDI,False,False,False,False,False,0
1078,DORNAS FILHO,False,False,False,False,False,0
1079,JARDIM IRACEMA,False,False,False,False,False,0
1080,CIRENAICA,False,False,False,False,False,0
1081,PARQUE EUROPA IV,False,False,False,False,False,0
1082,JARDIM FIM DE SEMANA II,False,False,False,False,False,0
1083,CAMPO DE LUTA,False,False,False,False,False,0
1084,VILA VICENTE RAO,False,False,False,False,False,0
1096,JARDIM PAULO VI,False,False,False,False,False,0
1085,PULLMAN II,False,False,False,False,False,0
1086,JARDIM PIRACUAMA I,False,False,False,False,False,0
1087,BABILÔNIA,False,False,False,False,False,0
1088,VASCONCELOS CHAVES,False,False,False,False,False,0
1089,JARDIM PARAGUAÇU,False,False,False,False,False,0
1090,ANTÔNIO DIAS PEREIRA,False,False,False,False,False,0
1091,DUQUESA DE FAIAL,False,False,False,False,False,0
1092,CARUXA,False,False,False,False,False,0
1093,SANTA FÉ,False,False,False,False,False,0
1094,FRANCISCO LACERDA E ALMEIDA,False,False,False,False,False,0
1095,ÁGUA PODRE,False,False,False,False,False,0
1098,SOSSEGO,False,False,False,False,False,0
1099,NIZA,False,False,False,False,False,0
1100,JARDIM SELMA II,False,False,False,False,False,0
1101,WILSON PEREIRA DE ALMEIDA,False,False,False,False,False,0
1102,JARARAÚ II,False,False,False,False,False,0
1103,WILLIAN KENT,False,False,False,False,False,0
1104,CAIXA D'ÁGUA,False,False,False,False,False,0
1105,JARDIM MARIA ESTELA,False,False,False,False,False,0
1106,INDIO PERI,False,False,False,False,False,0
1107,JARDIM DAS ROSAS III,False,False,False,False,False,0
1108,JARDIM IRENE III,False,False,False,False,False,0
1109,IPOJUCA LINS DE ARAÚJO,False,False,False,False,False,0
1110,SÃO LOURENÇO,False,False,False,False,False,0
1111,JARDIM PRIMAVERA II,False,False,False,False,False,0
1112,PACHECO CHAVES,False,False,False,False,False,0
1113,CAMASATI,False,False,False,False,False,0
1114,CONSTANTINO DE OLIVEIRA LEDO I,False,False,False,False,False,0
1115,JARDIM ITATIAIA,False,False,False,False,False,0
1116,LAGOA REAL,False,False,False,False,False,0
1117,GIANETTI,False,False,False,False,False,0
1118,XAVIER DE MAGALHÃES,False,False,False,False,False,0
1119,JARDIM UBIRAJARA,False,False,False,False,False,0
1120,PINGO DE OURO,False,False,False,False,False,0
1121,GUARATU,False,False,False,False,False,0
1122,FAVELA DA SERVIDÃO,False,False,False,False,False,0
1123,BRENO ACIOLI,False,False,False,False,False,0
1124,ADOLFO DE SOUZA CARNEIRO,False,False,False,False,False,0
1125,JARDIM PLANALTO,False,False,False,False,False,0
1126,PORTELINHA,False,False,False,False,False,0
1127,COHAB - MENDONÇA JUNIOR,False,False,False,False,False,0
1128,GALINHA D ÁGUA,False,False,False,False,False,0
1129,JOSÉ CARLOS NOGUEIRA,False,False,False,False,False,0
1130,VIRURI,False,False,False,False,False,0
1131,JACARAIPE,False,False,False,False,False,0
1132,DIONISIA,False,False,False,False,False,0
1133,RIBEIRÃO PRETO,False,False,False,False,False,0
1134,TEOTÔNIO VILELA COHAB,False,False,False,False,False,0
1135,JARDIM MARIA SAMPAIO II,False,False,False,False,False,0
1136,CONJUNTO DA PAZ,False,False,False,False,False,0
1148,JOAQUIM ROSEIRA,False,False,False,False,False,0
1149,MARIA MARGARIDA,False,False,False,False,False,0
1137,MATA DA JUTA,False,False,False,False,False,0
1138,SÃO JOÃO DA BOA VISTA I,False,False,False,False,False,0
1139,JARDIM SÃO RAFAEL II,False,False,False,False,False,0
1140,JARDIM CAMPO DE FORA II,False,False,False,False,False,0
1141,ALEGRE,False,False,False,False,False,0
1142,PAQUETÁ II,False,False,False,False,False,0
1143,JARDIM CLIMAX II,False,False,False,False,False,0
1144,JARDIM CELESTE,False,False,False,False,False,0
1145,JOSÉ VICENTE DE BARROS FILHO,False,False,False,False,False,0
1146,JARDIM CAMPO DE FORA III,False,False,False,False,False,0
1147,ABACATEIRO,False,False,False,False,False,0
1150,MANGUE,False,False,False,False,False,0
1151,PROF. BENEDITO ANTONIO TRAMA,False,False,False,False,False,0
1152,NÚCLEO PARTICULAR,False,False,False,False,False,0
1153,JARDIM VARGINHA II,False,False,False,False,False,0
1154,VITÓRIO CAPELLARO,False,False,False,False,False,0
1155,JOHN AUDUBON I,False,False,False,False,False,0
1156,CAMINHO PARTICULAR,False,False,False,False,False,0
1157,SANTA TEREZA III,False,False,False,False,False,0
1158,VILA SANTA ZÉLIA,False,False,False,False,False,0
1159,PROFESSOR CORREIA BRITO,False,False,False,False,False,0
1160,URIAS ANTONIO DE SOUZA,False,False,False,False,False,0
1161,FUTURO MELHOR,False,False,False,False,False,0
1162,MAR DE CORAL,False,False,False,False,False,0
1163,FONTE,False,False,False,False,False,0
1164,ANTÔNIO CARLOS TEIXEIRA MONTEIRO,False,False,False,False,False,0
1177,MARIA VERA LOMBARDI SIQUEIRA 2,False,False,False,False,False,0
1165,JARDIM IDEAL,False,False,False,False,False,0
1166,JARDIM DIVINO,False,False,False,False,False,0
1167,SAMPEI SATO,False,False,False,False,False,0
1168,ARPOADOR II,False,False,False,False,False,0
1169,CANÃO,False,False,False,False,False,0
1170,ANDRÉ CAVALCANTE,False,False,False,False,False,0
1171,JARDIM ELIANA I,False,False,False,False,False,0
1172,PARQUE EUROPA I,False,False,False,False,False,0
1173,FAVELA DA PAZ,False,False,False,False,False,0
1174,MARI,False,False,False,False,False,0
1175,BALDOMERO FERNANDEZ,False,False,False,False,False,0
1176,CHAPENA,False,False,False,False,False,0
1180,EDUARDO AMIGO,False,False,False,False,False,0
1181,ANAJAZEIRA,False,False,False,False,False,0
1182,VILA ARISI,False,False,False,False,False,0
1183,JARDIM NAZARE I,False,False,False,False,False,0
1184,DERSA,False,False,False,False,False,0
1185,XAMBORES I E II (FASE 3),False,False,False,False,False,0
1186,"PARQUE SÃO JOSÉ III, V E VILA EDA",False,False,False,False,False,0
1187,JARDIM TANCREDO,False,False,False,False,False,0
1188,MARGINAL I,False,False,False,False,False,0
1189,INTERCONTINENTAL,False,False,False,False,False,0
1190,CAMARAZAL,False,False,False,False,False,0
1191,ESMERALDA MONTEIRO,False,False,False,False,False,0
1192,SINHAZINHA,False,False,False,False,False,0
1193,TEREZA,False,False,False,False,False,0
1194,NOSSA SENHORA ASSUNÇÃO I,False,False,False,False,False,0
1195,JARDIM SÃO BERNARDO III,False,False,False,False,False,0
1196,JARDIM LILIA,False,False,False,False,False,0
1197,SÃO JOSÉ I,False,False,False,False,False,0
1198,FREGUESIA DE POIARES,False,False,False,False,False,0
1199,FRANCISCO PRETO,False,False,False,False,False,0
1200,JARDIM CAMPANÁRIO,False,False,False,False,False,0
1201,CÉSAR RAVASCO,False,False,False,False,False,0
1202,HEMATITA,False,False,False,False,False,0
1203,JOSÉ VELOSO CARMO,False,False,False,False,False,0
1204,FAVELA DO PÓ,False,False,False,False,False,0
1205,VOLTA REDONDA,False,False,False,False,False,0
1206,TUFIK MEREB,False,False,False,False,False,0
1207,JARDIM ALVORADA,False,False,False,False,False,0
1208,BERNARDINO DE CAMPOS,False,False,False,False,False,0
1209,SOUZA RAMOS,False,False,False,False,False,0
1210,JARDIM ELLUS,False,False,False,False,False,0
1211,SEBASTIÃO AFONSO,False,False,False,False,False,0
1212,ESPAMA,False,False,False,False,False,0
1213,ELÍSIO TEIXEIRA LEITE,False,False,False,False,False,0
1214,RUFINO DA COSTA GAVIÃO,False,False,False,False,False,0
1215,VALE DA ESPERANÇA,False,False,False,False,False,0
1216,BARTOLOMEU FEIO,False,False,False,False,False,0
1217,JARDIM COMERCIAL III,False,False,False,False,False,0
1218,BARTIRA,False,False,False,False,False,0
1219,MARIA VERA LOMBARDI SIQUEIRA,False,False,False,False,False,0
1220,PONCHE VERDE,False,False,False,False,False,0
1221,JARDIM SANTOS DUMONT,False,False,False,False,False,0
1222,RECANTO DA ALEGRIA I E II,False,False,False,False,False,0
1223,DEJANIRA,False,False,False,False,False,0
1224,PONTO SEGURO II,False,False,False,False,False,0
1225,MIRANGOABA I,False,False,False,False,False,0
1226,MARCONI CURUÇA,False,False,False,False,False,0
1227,JARDIM FIM DE SEMANA III,False,False,False,False,False,0
1228,JOSÉ DOS SANTOS JUNIOR,False,False,False,False,False,0
1229,RECANTO NOVA REPUBLICA IV,False,False,False,False,False,0
1230,LIMOEIRO - MP-01,False,False,False,False,False,0
1231,JARDIM ALVINA II,False,False,False,False,False,0
1232,MAFALDA SANTANIN BETTIO,False,False,False,False,False,0
1233,ANTHERO GOMES DO NASCIMENTO,False,False,False,False,False,0
1234,BELÉM DE MARIA II,False,False,False,False,False,0
1235,HAIDÉE,False,False,False,False,False,0
1236,JARDIM FRATERNIDADE II,False,False,False,False,False,0
1237,ROSSI,False,False,False,False,False,0
1238,SEABRA,False,False,False,False,False,0
1239,PARQUE ALOYSIO / PARQUE SÃO LUÍS,False,False,False,False,False,0
1240,PARQUE CENTRAL,False,False,False,False,False,0
1241,PADRE LEAO PERUCHE,False,False,False,False,False,0
1242,SUCUPIRA,False,False,False,False,False,0
1243,MARIA LUIZA AMERICANO,False,False,False,False,False,0
1244,DOM MIGUEL DE BULHÕES,False,False,False,False,False,0
1245,COMENDADOR ALFAIA RODRIGUES,False,False,False,False,False,0
1246,SANTO ANTÔNIO DO CANINDÊ,False,False,False,False,False,0
1247,AUGUSTO GIL,False,False,False,False,False,0
1248,PARQUE BELEM,False,False,False,False,False,0
1249,COMPLEXO PENHA BRASIL II,False,False,False,False,False,0
1250,ANA MARIA,False,False,False,False,False,0
1251,RAIMUNDO PEREZ DE SOUZA,False,False,False,False,False,0
1252,MUNIZ DE SOUZA,False,False,False,False,False,0
1253,USINA DE ASFALTO,False,False,False,False,False,0
1255,VIELA SABESP,False,False,False,False,False,0
1256,COMPLEXO PENHA BRASIL I,False,False,False,False,False,0
1257,VILA SOUZA,False,False,False,False,False,0
1258,VILA ALBERTINA I,False,False,False,False,False,0
1259,CHÁCARA BANDEIRANTE,False,False,False,False,False,0
1260,MARIA AMÉLIA DE ASSUNÇÃO,False,False,False,False,False,0
1261,VILA OPERÁRIA,False,False,False,False,False,0
1262,JARDIM AURORA,False,False,False,False,False,0
1263,ODASSI NAZZALI,False,False,False,False,False,0
1264,ENTRE RIOS II,False,False,False,False,False,0
1265,AQUARELA DO PARQUE EDU CHAVES,False,False,False,False,False,0
1266,MORUMBIZINHO,False,False,False,False,False,0
1267,CEMITERIO DO HORTO,False,False,False,False,False,0
1268,VITORIA REGIA,False,False,False,False,False,0
1269,JARDIM MARCELO II,False,False,False,False,False,0
1270,TAQUARI,False,False,False,False,False,0
1271,VILA PEDREIRA,False,False,False,False,False,0
1272,AGRESTE DE ITABAIANA,False,False,False,False,False,0
1273,NOSSA SENHORA DAS VIRTUDES II,False,False,False,False,False,0
1274,JARDIM DAS VERTENTES,False,False,False,False,False,0
1275,TRAVESSA ESPERANÇA,False,False,False,False,False,0
1276,CHÁCARA SÃO JUDAS / JARDIM ÂNGELA,False,False,False,False,False,0
1277,BENEDITO PENA,False,False,False,False,False,0
1278,CARLOS MATTIZ II,False,False,False,False,False,0
1279,BEIJA FLOR,False,False,False,False,False,0
1280,VILA NANCI,False,False,False,False,False,0
1281,JARDIM ISMÉRIA,False,False,False,False,False,0
1282,MORRO DO LIVRAMENTO,False,False,False,False,False,0
1283,CARIRI,False,False,False,False,False,0
1284,CIDADE BAIXA,False,False,False,False,False,0
1285,JARDIM DOS LAGOS - IPANEMA,False,False,False,False,False,0
1286,AMERICANÓPOLIS II,False,False,False,False,False,0
1287,HUGO ITALO MERIGO,False,False,False,False,False,0
1288,TRÊS FRONTEIRAS,False,False,False,False,False,0
1289,JARDIM SÃO JORGE,False,False,False,False,False,0
1290,CIDADE NOVA,False,False,False,False,False,0
1291,JARDIM SÃO BENEDITO I,False,False,False,False,False,0
1292,ESPERANTINOPOLIS,False,False,False,False,False,0
1293,FELIX FLAMENGO,False,False,False,False,False,0
1335,VILA MIRIAM,False,False,False,False,False,0
1294,JARDIM IRENE I,False,False,False,False,False,0
1295,BOQUEIRÃO,False,False,False,False,False,0
1296,LIVIERO,False,False,False,False,False,0
1297,GABRIELA MISTRAL,False,False,False,False,False,0
1298,RADAR,False,False,False,False,False,0
1299,JOSÉ CODINA,False,False,False,False,False,0
1300,SANTA JULIA,False,False,False,False,False,0
1301,SANTA RITA II,False,False,False,False,False,0
1302,TANQUE ITÁPOLIS,False,False,False,False,False,0
1303,LAVIOS,False,False,False,False,False,0
1304,JARDIM ERNESTINA,False,False,False,False,False,0
1305,POUSO DO CAPIM GROSSO,False,False,False,False,False,0
1306,SANTO EDUARDO ÁREA 2,False,False,False,False,False,0
1307,JARDIM DA FELICIDADE,False,False,False,False,False,0
1308,PARQUE SANTO ANTÔNIO VII,False,False,False,False,False,0
1309,MANDRÁGORAS,False,False,False,False,False,0
1310,CORREGO BONITO,False,False,False,False,False,0
1311,AMADEU,False,False,False,False,False,0
1312,NOSSA SENHORA ASSUNÇÃO III,False,False,False,False,False,0
1313,MARIANA LUZ DE JESUS / CHÁCARA DOURADO,False,False,False,False,False,0
1314,JARDIM UMUARAMA,False,False,False,False,False,0
1315,JARDIM THOMAS I,False,False,False,False,False,0
1332,MINUANOS,False,False,False,False,False,0
1333,JARDIM DOS FRANCOS IV,False,False,False,False,False,0
1334,OLIMPIO BRAS DE SOUZA,False,False,False,False,False,0
1316,GUACURI,False,False,False,False,False,0
1317,JOSÉ LEANDRO DE CAMPOS,False,False,False,False,False,0
1318,MIRANGOABA II,False,False,False,False,False,0
1319,FAZENDINHA - I P,False,False,False,False,False,0
1320,VILA DANIA MUNGO PARK,False,False,False,False,False,0
1321,ITABIRA PEDRA BRANCA,False,False,False,False,False,0
1322,REGINA,False,False,False,False,False,0
1323,COIMBRA,False,False,False,False,False,0
1324,SILVINO DE GODOY,False,False,False,False,False,0
1325,JARDIM DOS FRANCOS I,False,False,False,False,False,0
1326,MIRASSOL DO OESTE,False,False,False,False,False,0
1327,RUA DOS GUSMÕES 222-236,False,False,False,False,False,0
1328,ATERRO SANITARIO,False,False,False,False,False,0
1329,ABEL MARCIANO,False,False,False,False,False,0
1336,GUAPIRA II,False,False,False,False,False,0
1337,CANDIDO BORGES MONTEIRO,False,False,False,False,False,0
1338,MONTE AZUL PAULISTA,False,False,False,False,False,0
1339,FERREIRA VIANA,False,False,False,False,False,0
1340,BLOCOS EBENIZER,False,False,False,False,False,0
1341,JARDIM BATALHA,False,False,False,False,False,0
1342,JARDIM DOS FRANCOS III,False,False,False,False,False,0
1343,SAMUEL COOPER,False,False,False,False,False,0
1344,MARIA CURSI,False,False,False,False,False,0
1345,JARDIM MARABÁ I,False,False,False,False,False,0
1346,SERAFIM POLI,False,False,False,False,False,0
1359,CHARCO,False,False,False,False,False,0
1360,ÂNGELO GIMENEZ,False,False,False,False,False,0
1361,VILA SÃO FRANCISCO,False,False,False,False,False,0
1362,RENATO DA CUNHA,False,False,False,False,False,0
1363,RECANTO SANTO ANTÔNIO II,False,False,False,False,False,0
1347,CAIXA D'AGUA,False,False,False,False,False,0
1348,JARDIM COMERCIAL V,False,False,False,False,False,0
1349,ITABAPOAMA,False,False,False,False,False,0
1350,ORLANDO CHIODI,False,False,False,False,False,0
1351,JARDIM SÃO MARTINHO,False,False,False,False,False,0
1352,GLEBA DO PÊSSEGO,False,False,False,False,False,0
1353,ANTONIO AUGUSTO QUEIROGA II,False,False,False,False,False,0
1354,ANIBAL DIFRÂNCIA I,False,False,False,False,False,0
1355,INAJAR DE SOUZA III,False,False,False,False,False,0
1356,JOÃO DE GODOI MOREIRA,False,False,False,False,False,0
1357,SABESP - GUAPIRA II,False,False,False,False,False,0
1358,PARATIGI,False,False,False,False,False,0
1387,PARQUE SÃO DOMINGOS II,False,False,False,False,False,0
1364,SÃO JOSÉ BARROCA,False,False,False,False,False,0
1365,ITAJUIBE,False,False,False,False,False,0
1366,ÂNGELO CRISTIANINI,False,False,False,False,False,0
1367,JARDIM SÃO BERNARDO I,False,False,False,False,False,0
1368,CHAMOCOS,False,False,False,False,False,0
1369,GATO PRETO I,False,False,False,False,False,0
1370,GUAICURI I,False,False,False,False,False,0
1371,GUILHERME BUDE,False,False,False,False,False,0
1372,CARLOS LACERDA,False,False,False,False,False,0
1373,SALIN ELIAS JABALI,False,False,False,False,False,0
1428,ANTÔNIO DA COSTA MAGUETA,False,False,False,False,False,0
1374,"PARQUE SÃO JOSÉ VII, TRÊS CÂNTICOS E ENTORNO",False,False,False,False,False,0
1375,DUARTE DE LEMOS,False,False,False,False,False,0
1376,COSTA DO VALADO,False,False,False,False,False,0
1377,JARDIM SÃO CARLOS,False,False,False,False,False,0
1378,ITAGUARU,False,False,False,False,False,0
1379,VILA BELA II,False,False,False,False,False,0
1380,OVIDIO JOSÉ ANTONIO SANTANA,False,False,False,False,False,0
1381,JARDIM NOVA ROBRU,False,False,False,False,False,0
1382,SANTA DAVINA,False,False,False,False,False,0
1383,JURACI ARTACHO,False,False,False,False,False,0
1384,PEDRA,False,False,False,False,False,0
1385,JARDIM PRINCESA,False,False,False,False,False,0
1386,JULIO PINHEIRO,False,False,False,False,False,0
1388,HUGO ITALO MERIGO II,False,False,False,False,False,0
1389,JARDIM ICARAÍ,False,False,False,False,False,0
1390,JARDIM ANTONIETA II,False,False,False,False,False,0
1391,PARQUE FERNANDA III,False,False,False,False,False,0
1392,VILA CONSTÂNCIA,False,False,False,False,False,0
1393,TEÓLOGO JOHN WESLEY,False,False,False,False,False,0
1394,JARDIM SÃO GONÇALO,False,False,False,False,False,0
1395,SÃO JOSÉ,False,False,False,False,False,0
1396,BALAPAPESP I,False,False,False,False,False,0
1397,JARDIM SÃO CARLOS,False,False,False,False,False,0
1398,SANTO ELIAS,False,False,False,False,False,0
1399,CAMPO DO AURORA,False,False,False,False,False,0
1400,CORREGO PINTADINHO,False,False,False,False,False,0
1401,PINHALZINHO,False,False,False,False,False,0
1402,VIELA A,False,False,False,False,False,0
1403,JARDIM IBIRAPUERA,False,False,False,False,False,0
1404,SÃO CAMILO,False,False,False,False,False,0
1405,GRUTA DAS PRINCESAS,False,False,False,False,False,0
1406,PERI ALTO,False,False,False,False,False,0
1407,MARILÂNDIA,False,False,False,False,False,0
1408,CÓRREGO DA MINA,False,False,False,False,False,0
1429,ARRAIAL DOS GORINOS,False,False,False,False,False,0
1409,PEDRA BRANCA,False,False,False,False,False,0
1410,VILA MUNA,False,False,False,False,False,0
1411,LUPÉRCIO DE SOUZA CORTÊZ,False,False,False,False,False,0
1412,MIGUEL RUSSIANO,False,False,False,False,False,0
1413,DOMENICO,False,False,False,False,False,0
1414,ARARIPIRA,False,False,False,False,False,0
1415,ALFREDO AVILA,False,False,False,False,False,0
1416,CARMO,False,False,False,False,False,0
1417,MIRANDAS I,False,False,False,False,False,0
1418,JACUPEVAL,False,False,False,False,False,0
1419,JARDIM LÍBANO,False,False,False,False,False,0
1430,ALBACORA,False,False,False,False,False,0
1431,PARQUE ESMERALDA,False,False,False,False,False,0
1420,JOSÉ OSCAR BORBA,False,False,False,False,False,0
1421,ELISA MARIA,False,False,False,False,False,0
1422,DOMINGOS VEGA,False,False,False,False,False,0
1423,JARDIM DULCE,False,False,False,False,False,0
1424,PARQUE AMÉLIA / SANTA MARGARIDA,False,False,False,False,False,0
1425,DOMENICO LANSETE,False,False,False,False,False,0
1426,CAITITU,False,False,False,False,False,0
1427,FRANCISCO MASCARENHAS,False,False,False,False,False,0
1432,FRANCISCO ALVARENGA,False,False,False,False,False,0
1433,NATALINO ALMEIDA I,False,False,False,False,False,0
1434,FAVELA DOM BOSCO,False,False,False,False,False,0
1435,JARDIM UNIVERSAL III,False,False,False,False,False,0
1436,JARDIM ICARAI,False,False,False,False,False,0
1437,RECANTO DAS ESTRELAS,False,False,False,False,False,0
1438,VILA SALOÁ,False,False,False,False,False,0
1439,LAGOA DA SERRA,False,False,False,False,False,0
1440,BEATRIZ,False,False,False,False,False,0
1441,EUCALIPTOS,False,False,False,False,False,0
1442,PARELHEIROS / CAPELINHA DO SOCORRO,False,False,False,False,False,0
1443,VILA SÃO JOÃO,False,False,False,False,False,0
1444,MINISTRO CORREIA DE CASTRO,False,False,False,False,False,0
1541,JARDIM ROSA MARIA I,False,False,False,False,False,0
1445,JARDIM RENI,False,False,False,False,False,0
1446,JARDIM YARA,False,False,False,False,False,0
1447,SÃO CARLOS ALOJAMENTO OCUPAÇÃO,False,False,False,False,False,0
1448,VILAR DO PARAISO,False,False,False,False,False,0
1449,ALICE BASTIDE,False,False,False,False,False,0
1450,PAULO FONTELLI,False,False,False,False,False,0
1451,JARDIM UNIVERSAL II,False,False,False,False,False,0
1452,JARDIM AMÁLIA,False,False,False,False,False,0
1453,CARLOS MATTIZ,False,False,False,False,False,0
1454,ELIANE,False,False,False,False,False,0
1455,JUTLÂNDIA,False,False,False,False,False,0
1456,JARDIM JARAGUÁ II,False,False,False,False,False,0
1457,JARDIM SHANGRILÁ I,False,False,False,False,False,0
1458,JARDIM PERI NOVO,False,False,False,False,False,0
1459,VILA SANTO ESTEVÃO REIS,False,False,False,False,False,0
1460,JARDIM DUPRAT,False,False,False,False,False,0
1461,CLARA NUNES,False,False,False,False,False,0
1462,PEDRO SILVEIRA,False,False,False,False,False,0
1463,MIGUEL FRIAS DE VASCONCELOS,False,False,False,False,False,0
1464,CLOVIS SALGADO,False,False,False,False,False,0
1465,BENEDITO SALGADO CAMBALACHO,False,False,False,False,False,0
1466,MORRO DO PIOLHO,False,False,False,False,False,0
1467,SEVERINO NUNES COSTA,False,False,False,False,False,0
1468,PRAÇA CÁSSIA,False,False,False,False,False,0
1469,ATALIBA LEONEL 1,False,False,False,False,False,0
1470,APARECIDA,False,False,False,False,False,0
1471,SERRANA FLUMINENSE,False,False,False,False,False,0
1472,CAROMBÉ DO ALTO,False,False,False,False,False,0
1473,JARDIM SÃO JANUÁRIO,False,False,False,False,False,0
1474,MORRO DOCE III,False,False,False,False,False,0
1475,TOMÁS POMPEU I,False,False,False,False,False,0
1476,DÁRIO VILARES BARBOSA,False,False,False,False,False,0
1477,ARTHUR MAZETTI,False,False,False,False,False,0
1478,JARDIM NAKAMURA I,False,False,False,False,False,0
1479,PARQUE SÃO JOSÉ I E II,False,False,False,False,False,0
1480,MIKAIL,False,False,False,False,False,0
1481,RIO CLARO,False,False,False,False,False,0
1482,FAIÇAL MURAD,False,False,False,False,False,0
1483,JARDIM DOS EUCALIPTOS III,False,False,False,False,False,0
1484,SERTANISTAS,False,False,False,False,False,0
1485,DA LINHA,False,False,False,False,False,0
1486,PARQUE SÃO JOSÉ VI,False,False,False,False,False,0
1487,SENABRIA,False,False,False,False,False,0
1488,WHITAKER MACHADO,False,False,False,False,False,0
1489,SÃO VICENTE,False,False,False,False,False,0
1490,OLIVEIRA MARTINS,False,False,False,False,False,0
1491,LUCA DI TOMME,False,False,False,False,False,0
1492,AGENOR ALVES MEIRA,False,False,False,False,False,0
1493,SÃO JOÃO DA BOA VISTA II,False,False,False,False,False,0
1494,CARLOS FELBER,False,False,False,False,False,0
1495,JOÃO ANTONIO XAVIER,False,False,False,False,False,0
1496,FRANCISCO MACHADO DA SILVA,False,False,False,False,False,0
1497,VILA PAZ,False,False,False,False,False,0
1498,PANGAUA,False,False,False,False,False,0
1499,PERI NOVO I,False,False,False,False,False,0
1500,ALPHONSE JOAILLIER,False,False,False,False,False,0
1501,JARDIM HADDAD,False,False,False,False,False,0
1502,VILA JÓIA,False,False,False,False,False,0
1503,ASCENSO FERNANDES,False,False,False,False,False,0
1504,MARIA VERA LOMBARDI SIQUEIRA 3,False,False,False,False,False,0
1505,MANOEL AQUILINO DOS SANTOS II,False,False,False,False,False,0
1506,CANTIDIO SAMPAIO 2274,False,False,False,False,False,0
1507,INAJAR DE SOUZA I,False,False,False,False,False,0
1508,BALBINO MIRANDA,False,False,False,False,False,0
1542,NELSON DE TOLEDO FERRAZ,False,False,False,False,False,0
1543,JETAIBA,False,False,False,False,False,0
1509,MARIA SANTANA,False,False,False,False,False,0
1510,SÃO JOSÉ / JARDIM PINHEIROS,False,False,False,False,False,0
1511,CÓRREGO DO BISPO,False,False,False,False,False,0
1512,CUBIARA,False,False,False,False,False,0
1513,FRANCISCO FLORIDI,False,False,False,False,False,0
1514,ANÁPOLIS,False,False,False,False,False,0
1515,JOAQUIM MEIRA DE SIQUEIRA,False,False,False,False,False,0
1516,JARDIM WALQUÍRIA I,False,False,False,False,False,0
1527,JARDIM CALÚ,False,False,False,False,False,0
1528,JARDIM LARANJEIRAS,False,False,False,False,False,0
1529,CIDADE ALTA,False,False,False,False,False,0
1517,JARDIM MARTINI,False,False,False,False,False,0
1518,JARDIM ELIAN,False,False,False,False,False,0
1519,VILA GUARACIABA,False,False,False,False,False,0
1520,JARDIM GUARANI II,False,False,False,False,False,0
1521,DONA LOLA,False,False,False,False,False,0
1522,LIBANESA,False,False,False,False,False,0
1523,BOTAFOGO,False,False,False,False,False,0
1524,DIOGO PIRES,False,False,False,False,False,0
1525,COLONIAL,False,False,False,False,False,0
1526,SEBASTIÃO LOPES GRANDIA,False,False,False,False,False,0
1530,MONTE AZUL,False,False,False,False,False,0
1531,CIDADE ALTA,False,False,False,False,False,0
1532,SANTA RITA I / AMARO ALVES DO ROSÁRIO,False,False,False,False,False,0
1533,NORBERTO ALMANDOZ,False,False,False,False,False,0
1534,DURVAL DE ALMEIDA SANTANA,False,False,False,False,False,0
1535,IGUATEMI,False,False,False,False,False,0
1536,CARLOS SCHUMACKER,False,False,False,False,False,0
1537,VILA PROGRESSO,False,False,False,False,False,0
1538,ELISEU TEIXEIRA LEITE,False,False,False,False,False,0
1539,SOLDADO ARNALDO CANDIDO RAULINO,False,False,False,False,False,0
1540,PARQUE GUARANI MOGNO,False,False,False,False,False,0
1544,SETE LAGOS,False,False,False,False,False,0
1545,VERONIA II,False,False,False,False,False,0
1546,VICENTE CARDUCHO,False,False,False,False,False,0
1547,JARDIM CONSÓRCIO I,False,False,False,False,False,0
1548,FREI MUNIZ,False,False,False,False,False,0
1549,CACHOEIRA DAS GARÇAS,False,False,False,False,False,0
1550,GUARIROBA,False,False,False,False,False,0
1551,OCUPAÇÃO BOA ESPERANÇA,False,False,False,False,False,0
1552,MATIAS,False,False,False,False,False,0
1553,ERNESTO SIMOES FILHO,False,False,False,False,False,0
1554,CIDADE A E CARVALHO,False,False,False,False,False,0
1555,RECANTO PARAGOM,False,False,False,False,False,0
1574,JOÃO JOSÉ DA SILVA,False,False,False,False,False,0
1556,QUARESMA DELGADO,False,False,False,False,False,0
1557,TIJUCO PRETO II,False,False,False,False,False,0
1558,MIGUEL IGNACIO CURI I,False,False,False,False,False,0
1559,VILA FLAVIA,False,False,False,False,False,0
1560,JARDIM ITAPURA I,False,False,False,False,False,0
1561,JARDIM NÉLIA,False,False,False,False,False,0
1562,MONTEIRO DE FARIA,False,False,False,False,False,0
1563,RUA DO MESTRE,False,False,False,False,False,0
1564,GREGÓRIO POMAR,False,False,False,False,False,0
1575,JARDIM PRIMAVERA,False,False,False,False,False,0
1565,EDMUNDO DE PAULA COELHO,False,False,False,False,False,0
1566,ROMULO NALD,False,False,False,False,False,0
1567,JARDIM GOUVEIA,False,False,False,False,False,0
1568,COMPLEXO CÉLIA IRENE ETELVINA,False,False,False,False,False,0
1569,BROOKLIN,False,False,False,False,False,0
1570,PARQUE FIGUEIRA GRANDE IV,False,False,False,False,False,0
1571,GOITA,False,False,False,False,False,0
1572,VILA JARAGUÁ,False,False,False,False,False,0
1573,VILA BOM JARDIM I,False,False,False,False,False,0
1576,"JARDIM FUJIHARA I, III E JARDIM NAKAMURA II",False,False,False,False,False,0
1577,BOSQUE DO SOL II,False,False,False,False,False,0
1578,PAU QUEIMADO,False,False,False,False,False,0
1579,LETICIA CINI,False,False,False,False,False,0
1580,JARDIM IMBÉ I,False,False,False,False,False,0
1581,FRANCISCO MUNHOZ FILHO,False,False,False,False,False,0
1582,CAROMBÉ DE BAIXO,False,False,False,False,False,0
1583,PARQUE SÃO FRANCISCO,False,False,False,False,False,0
1584,JOANA D'ARC,False,False,False,False,False,0
1585,JOSÉ CRISPIM,False,False,False,False,False,0
1586,JARDIM MARABÁ,False,False,False,False,False,0
1587,MARIA ANGELA,False,False,False,False,False,0
1588,FIGUEIRA DA POLINÉSIA,False,False,False,False,False,0
1589,ESTRADA DO JAGUARÉ,False,False,False,False,False,0
1590,BARRA DA BURIQUIÓCA,False,False,False,False,False,0
1591,CAMPINORTE,False,False,False,False,False,0
1592,PAVANAS,False,False,False,False,False,0
1593,IDA VANUSSI PUNTEL,False,False,False,False,False,0
1594,MAR ADRIATICO,False,False,False,False,False,0
1595,JOÃO BATISTA MALIO,False,False,False,False,False,0
1596,PADRE ACHILLES SILVESTRE,False,False,False,False,False,0
1597,LOURDES,False,False,False,False,False,0
1598,SOARES NEIVA,False,False,False,False,False,0
1599,LUIZA ROSA,False,False,False,False,False,0
1646,DIAS VIEIRA,False,False,False,False,False,0
1600,KAGOHARA III,False,False,False,False,False,0
1601,RUA DO CAMPO,False,False,False,False,False,0
1602,PARQUE BOTURUSSU,False,False,False,False,False,0
1603,JARDIM MONTE ALEGRE I,False,False,False,False,False,0
1604,JARDIM JISMAR,False,False,False,False,False,0
1605,VILA AIMORE,False,False,False,False,False,0
1606,CAMPO NOVO DO SUL,False,False,False,False,False,0
1607,VICENTE RAO,False,False,False,False,False,0
1608,MARIA QUEDAS,False,False,False,False,False,0
1609,JARDIM COMERCIAL I,False,False,False,False,False,0
1647,MARIA TERESA GAUDINO,False,False,False,False,False,0
1610,PARQUE SANTA AMÉLIA,False,False,False,False,False,0
1611,FAVELA DOS TEXTEIS,False,False,False,False,False,0
1612,JARDIM MILIUNAS,False,False,False,False,False,0
1613,MIMOSA,False,False,False,False,False,0
1614,JARDIM TAIPAS,False,False,False,False,False,0
1615,JARDIM SANTA TEREZINHA II,False,False,False,False,False,0
1616,ALEGRIA,False,False,False,False,False,0
1617,JARDIM SYDNEY II,False,False,False,False,False,0
1618,SETE DE ABRIL,False,False,False,False,False,0
1619,FRANCISCO CAPARA,False,False,False,False,False,0
1620,JARDIM SANTA TEREZINHA I,False,False,False,False,False,0
1621,CARLOS DIAS FERNANDES,False,False,False,False,False,0
1622,JARDIM FANGANIELLO,False,False,False,False,False,0
1623,JARDIM ARIZONA,False,False,False,False,False,0
1624,JARDIM RINCÃO I,False,False,False,False,False,0
1625,MANOEL FIALHO,False,False,False,False,False,0
1626,JARDIM GUARANI - BOA ESPERANÇA,False,False,False,False,False,0
1627,CLOVIS,False,False,False,False,False,0
1628,INTEGRADA,False,False,False,False,False,0
1629,JARDIM NOSSA SENHORA APARECIDA,False,False,False,False,False,0
1630,ARMAÇÃO,False,False,False,False,False,0
1631,JOÃO AIRES,False,False,False,False,False,0
1632,BOAVENTURA RODRIGUES DA SILVA,False,False,False,False,False,0
1633,PAQUETÁ I,False,False,False,False,False,0
1634,MORRO DA ALEGRIA,False,False,False,False,False,0
1635,JOCKEIZINHO I,False,False,False,False,False,0
1636,PARANAPANEMA I,False,False,False,False,False,0
1637,JARDIM CIDADE III,False,False,False,False,False,0
1638,CONDESSA AMALIA MATARAZZO,False,False,False,False,False,0
1639,RODEIO,False,False,False,False,False,0
1640,CLARA AURORA,False,False,False,False,False,0
1641,INGAI,False,False,False,False,False,0
1642,PERI NOVO II,False,False,False,False,False,0
1643,ROLAND BERIGAN,False,False,False,False,False,0
1644,SANTO STEFANO II,False,False,False,False,False,0
1645,BAIXA GRANDE,False,False,False,False,False,0
1648,MARIA VIRGÍNIA,False,False,False,False,False,0
1649,AFONSO XIII,False,False,False,False,False,0
1650,CORREIO PAULISTANO,False,False,False,False,False,0
1651,JARDIM ÂNGELA I,False,False,False,False,False,0
1652,SINHÁ,False,False,False,False,False,0
1653,POSTO DE SAÚDE,False,False,False,False,False,0
1660,JARDIM PERI,False,False,False,False,False,0
1661,VIVAN I,False,False,False,False,False,0
1654,VILA APARECIDA,False,False,False,False,False,0
1655,JARDIM SÃO BENTO VELHO,False,False,False,False,False,0
1656,JARDIM UBERABA,False,False,False,False,False,0
1657,JARDIM COTINHA,False,False,False,False,False,0
1658,BERIMBAU,False,False,False,False,False,0
1659,CONCEIÇÃO DO JACUIPE,False,False,False,False,False,0
1662,DANIEL CERRI II,False,False,False,False,False,0
1663,ROSSIO DO CARMO,False,False,False,False,False,0
1664,JARDIM CONSÓRCIO II,False,False,False,False,False,0
1665,FAVELA DO PALANQUE,False,False,False,False,False,0
1666,JOSÉ ANTONIOLI II,False,False,False,False,False,0
1667,MINISTRO LINS DE BARROS,False,False,False,False,False,0
1668,PINEDO,False,False,False,False,False,0
1669,GANGES,False,False,False,False,False,0
1670,PINHEIRO DE FARIA,False,False,False,False,False,0
1671,LORENZO CATTANI,False,False,False,False,False,0
1672,VILA ZATT,False,False,False,False,False,0
1673,ALBUQUERQUE PRADO,False,False,False,False,False,0
1674,POESIA ÉPICA,False,False,False,False,False,0
1675,VILA ALBERTINA,False,False,False,False,False,0
1676,FIDALGA I,False,False,False,False,False,0
1677,BASILÉIA II,False,False,False,False,False,0
1678,OCUPAÇÃO MARGINAL C - SÃO FRANCISCO,False,False,False,False,False,0
1679,FRANCISCO TRANCHESI,False,False,False,False,False,0
1680,TACHÃ,False,False,False,False,False,0
1681,ALÇAPRIMA,False,False,False,False,False,0
1682,JARDIM CAMPOS I,False,False,False,False,False,0
1683,DANIEL BARTOLI,False,False,False,False,False,0
1684,PARANAIGUARA,False,False,False,False,False,0
1685,MINAS GÁS II,False,False,False,False,False,0
1686,SERRA PELADA,False,False,False,False,False,0
1687,MARINA LEMOS DE ABREU,False,False,False,False,False,0
1688,ESTRADA DO SABÃO,False,False,False,False,False,0
1689,PARQUE FIGUEIRA GRANDE II,False,False,False,False,False,0
1690,FRANCISCO,False,False,False,False,False,0
1691,GRAVAÇU,False,False,False,False,False,0
1692,LIDIANE,False,False,False,False,False,0
1693,MIGUEL ARCANJO,False,False,False,False,False,0
1694,ANTONIO AUGUSTO QUEIROGA I,False,False,False,False,False,0
1695,DANIEL AYALA,False,False,False,False,False,0
1696,MORATO DE OLIVEIRA,False,False,False,False,False,0
1697,CABUÇU I,False,False,False,False,False,0
1698,CABUÇU II,False,False,False,False,False,0
1699,NOVA TIETE,False,False,False,False,False,0
1700,DOMENICO TRITTO,False,False,False,False,False,0
1701,BERANÍZIA DE PAULA OLIVEIRA,False,False,False,False,False,0
1702,LEONARDO DONATI,False,False,False,False,False,0
1703,FRANCISCO BITANCOURT,False,False,False,False,False,0
1704,1PS1A - AV. ALMIRANTE DELAMARE,False,False,False,False,False,0
1705,WILLIN,False,False,False,False,False,0
1706,BANANAL DIREITO,False,False,False,False,False,0
1707,HELIÓPOLIS,False,False,False,False,False,0
1708,JOSÉ BORGES DA SILVA,False,False,False,False,False,0
1709,BANANAL ESQUERDO,False,False,False,False,False,0
1710,JARDIM PARANÁ,False,False,False,False,False,0
1711,CÓRREGO BANANAL,False,False,False,False,False,0
1712,SÃO GERALDO JARDEL FILHO,False,False,False,False,False,0
